Client ,Max Willing to Pay Interest Rate,Bidding Offer,Default,E/A,ROA,D/A,OPM,ATR,Size,QR,CR,predicted_prob,loan
Client 1,0.07,0.07,0,0.62,0.65,0.38,0.3,2.14,1040.22,2.03,2.51,0.03245450387530471,1.0
Client 2,0.05,,0,0.64,0.91,0.36,0.55,1.67,1015.47,1.56,2.45,0.024634692371652583,
Client 3,0.07,0.07,0,0.64,0.92,0.36,0.5,1.82,893.21,1.49,2.34,0.026829684292990538,1.0
Client 4,0.12,,1,0.16,0.5,0.84,0.2,2.52,1051.25,2.8,2.41,0.11070492675155537,
Client 5,0.07,0.07,0,0.61,0.57,0.39,0.28,2.02,990.66,2.06,2.41,0.036368484078503675,1.0
Client 6,0.11,,0,0.68,0.32,0.32,0.16,1.97,1004.05,2.32,2.83,0.035433840981185676,
Client 7,0.08,0.08,0,0.68,0.43,0.32,0.21,2.07,967.97,2.55,3.53,0.026012444694314362,1.0
Client 8,0.09,0.09,0,0.51,0.74,0.49,0.35,2.09,1001.13,1.98,2.18,0.041771673233378166,1.0
Client 9,0.09,0.09,0,0.51,0.79,0.49,0.38,2.08,1137.75,2.78,3.17,0.023035402459339233,1.0
Client 10,0.11,,1,0.23,0.69,0.77,0.35,1.93,864.29,1.19,1.74,0.16743845043742286,
Client 11,0.08,0.08,0,0.58,0.57,0.42,0.33,1.74,1046.25,1.93,2.76,0.04148241895395345,1.0
Client 12,0.05,,0,0.53,1.34,0.47,0.68,1.97,1210.87,2.34,3.01,0.012076033733349645,
Client 13,0.1,0.1,0,0.67,0.49,0.33,0.26,1.88,935.19,1.67,1.98,0.0423715695279086,1.0
Client 14,0.05,,0,0.57,0.78,0.43,0.39,1.98,926.29,2.22,1.93,0.0271415948435447,
Client 15,0.1,,1,0.65,0.46,0.35,0.32,1.42,929.31,1.35,1.82,0.05376276172197497,
Client 16,0.06,,0,0.58,1.07,0.42,0.6,1.8,908.73,1.91,1.94,0.019355136901197164,
Client 17,0.09,,1,0.61,0.59,0.39,0.24,2.46,925.63,1.42,2.56,0.05565453871303235,
Client 18,0.05,,0,0.69,0.79,0.31,0.45,1.75,1113.65,2.03,1.71,0.019206727666963335,
Client 19,0.13,,1,0.4,0.23,0.6,0.1,2.22,917.98,2.11,2.88,0.11334348661823734,
Client 20,0.11,,0,0.67,0.35,0.33,0.15,2.34,922.84,2.47,2.62,0.03259015523499178,
Client 21,0.11,,1,0.42,0.58,0.58,0.23,2.52,1097.47,1.87,2.06,0.07844399650182536,
Client 22,0.07,0.07,0,0.56,0.58,0.44,0.28,2.1,1078.52,2.72,2.98,0.027760072376249167,1.0
Client 23,0.05,,0,0.66,1.0,0.34,0.45,2.21,1000.32,1.56,2.47,0.023263684472957697,
Client 24,0.07,0.07,0,0.61,0.59,0.39,0.3,1.97,998.06,1.65,1.86,0.04539202234898742,1.0
Client 25,0.14,,1,0.18,0.71,0.82,0.45,1.56,1095.57,1.62,2.79,0.136643976188806,
Client 26,0.11,,1,0.36,0.38,0.64,0.18,2.1,1031.0,2.27,3.19,0.09399013724697323,
Client 27,0.13,,1,0.56,0.31,0.44,0.14,2.21,722.51,1.93,2.39,0.06876254681833549,
Client 28,0.13,,1,0.07,0.69,0.93,0.33,2.11,1030.66,1.33,1.77,0.2437288379936267,
Client 29,0.05,,0,0.76,0.72,0.24,0.39,1.85,847.03,2.56,2.51,0.012265221164048263,
Client 30,0.05,,0,0.82,0.69,0.18,0.38,1.82,1012.42,2.54,2.79,0.010583392406469237,
Client 31,0.08,0.08,0,0.51,0.75,0.49,0.34,2.18,1100.21,2.02,1.92,0.0407163860265254,1.0
Client 32,0.12,,1,0.53,0.47,0.47,0.23,2.02,890.59,1.68,2.92,0.06933617277668594,
Client 33,0.14,,0,0.63,0.42,0.37,0.3,1.42,1057.73,2.0,2.15,0.040324801549666736,
Client 34,0.11,,1,0.31,0.46,0.69,0.21,2.16,930.63,1.79,2.63,0.13112504012079357,
Client 35,0.07,0.07,0,0.79,0.36,0.21,0.2,1.82,1039.59,2.08,2.89,0.02656237284768822,1.0
Client 36,0.06,,0,0.61,0.98,0.39,0.47,2.09,1032.53,2.74,2.96,0.01272662848846867,
Client 37,0.13,,0,0.65,0.47,0.35,0.25,1.87,935.7,1.56,2.25,0.04993662927855836,
Client 38,0.15,,1,0.35,0.5,0.65,0.32,1.55,904.38,1.11,1.51,0.1505763746574703,
Client 39,0.16,,1,0.18,0.58,0.82,0.3,1.96,996.73,1.42,2.56,0.19454168343840195,
Client 40,0.13,,1,0.38,0.41,0.62,0.19,2.16,984.14,2.0,1.81,0.10011414949762265,
Client 41,0.07,0.07,0,0.72,0.76,0.28,0.31,2.44,957.8,2.25,2.46,0.017882610184216018,0.0
Client 42,0.06,,0,0.71,0.82,0.29,0.42,1.94,1056.13,2.25,2.7,0.015556213487676619,
Client 43,0.09,0.09,0,0.65,0.58,0.35,0.28,2.04,992.73,2.18,2.29,0.02922269185290074,1.0
Client 44,0.12,,0,0.53,0.76,0.47,0.35,2.18,966.67,1.89,2.32,0.04062602313515739,
Client 45,0.08,0.08,0,0.58,0.61,0.42,0.25,2.45,936.46,2.28,2.95,0.03449175277490008,1.0
Client 46,0.07,0.07,0,0.64,1.15,0.36,0.47,2.46,1043.75,2.31,2.25,0.01281274616953274,0.0
Client 47,0.08,0.08,0,0.71,0.49,0.29,0.27,1.83,957.17,1.64,2.45,0.03753075436076972,1.0
Client 48,0.08,0.08,0,0.6,0.44,0.4,0.29,1.53,978.87,2.6,2.28,0.02997786353764914,1.0
Client 49,0.14,,1,0.47,0.54,0.53,0.26,2.06,979.99,1.87,2.87,0.06767633994852615,
Client 50,0.06,,0,0.63,0.9,0.37,0.5,1.79,991.64,2.15,2.15,0.018436349989132378,
Client 51,0.08,0.08,0,0.65,0.41,0.35,0.21,1.97,912.65,2.22,2.58,0.03623854389544968,1.0
Client 52,0.05,,0,0.74,0.66,0.26,0.53,1.23,1097.78,1.56,2.75,0.023251156131443663,
Client 53,0.08,0.08,0,0.58,0.56,0.42,0.36,1.56,1013.22,1.89,2.7,0.041725241671719975,1.0
Client 54,0.12,,0,0.64,0.49,0.36,0.25,1.92,959.22,2.01,2.91,0.037992845344247184,
Client 55,0.11,,0,0.66,0.45,0.34,0.26,1.71,943.89,1.62,2.38,0.04701512443071107,
Client 56,0.09,,1,0.15,0.81,0.85,0.32,2.54,1025.6,2.13,3.06,0.1139981997572934,
Client 57,0.15,,1,0.11,0.94,0.89,0.38,2.46,1011.34,1.36,2.95,0.16798952778768744,
Client 58,0.1,0.1,0,0.52,0.92,0.48,0.39,2.35,1069.42,1.71,2.25,0.03856928098166108,1.0
Client 59,0.08,0.08,0,0.75,0.73,0.25,0.34,2.13,1004.32,1.94,3.02,0.019810109513557952,1.0
Client 60,0.05,,0,0.61,1.06,0.39,0.5,2.14,1005.03,2.84,2.94,0.010646130022464707,
Client 61,0.05,,0,0.55,1.32,0.45,0.61,2.16,1133.42,1.66,2.64,0.019310698219928313,
Client 62,0.12,,1,0.44,0.49,0.56,0.3,1.61,962.07,2.31,2.71,0.057189256748319706,
Client 63,0.06,,0,0.46,0.97,0.54,0.38,2.58,1202.36,2.69,3.04,0.024010971283833952,
Client 64,0.13,,1,0.45,0.51,0.55,0.25,2.04,1068.29,2.47,1.92,0.05155672326815866,
Client 65,0.06,,0,0.59,0.65,0.41,0.38,1.72,1140.5,2.79,2.84,0.020225897992323414,
Client 66,0.09,,1,0.52,0.37,0.48,0.17,2.13,946.43,2.27,2.75,0.05791405480775064,
Client 67,0.07,0.07,0,0.81,0.31,0.19,0.15,2.04,887.4,2.21,3.16,0.025278612401586527,1.0
Client 68,0.11,,1,0.68,0.44,0.32,0.23,1.89,928.55,1.34,2.22,0.05469391358986241,
Client 69,0.09,0.09,0,0.51,0.9,0.49,0.45,1.98,1162.84,2.21,2.83,0.0277814835624729,1.0
Client 70,0.14,,1,0.23,0.54,0.77,0.32,1.65,898.28,1.98,1.56,0.12544329949402463,
Client 71,0.07,0.07,0,0.67,0.59,0.33,0.32,1.84,1228.09,1.99,2.71,0.029412150262775924,1.0
Client 72,0.08,0.08,0,0.72,0.95,0.28,0.45,2.12,996.52,2.04,2.7,0.014654381897983983,0.0
Client 73,0.11,,0,0.58,0.61,0.42,0.32,1.9,1054.05,2.22,2.68,0.03343458785209247,
Client 74,0.1,0.1,0,0.58,0.61,0.42,0.29,2.1,938.19,1.69,1.52,0.048288748210535234,1.0
Client 75,0.12,,1,0.45,0.56,0.55,0.3,1.89,1052.16,1.29,1.55,0.0969543104720099,
Client 76,0.14,,1,0.17,0.53,0.83,0.27,1.96,1210.89,2.3,3.13,0.13140259209553504,
Client 77,0.06,,0,0.56,0.72,0.44,0.39,1.86,1126.48,1.43,2.42,0.04937112695766184,
Client 78,0.13,,1,0.34,1.13,0.66,0.5,2.28,1132.96,1.59,2.22,0.05436787005128531,
Client 79,0.1,0.1,0,0.61,0.47,0.39,0.23,2.06,942.2,2.44,2.44,0.03311927125708684,1.0
Client 80,0.1,,1,0.31,0.54,0.69,0.23,2.39,905.82,1.77,2.68,0.12114720784183709,
Client 81,0.05,,0,0.61,0.63,0.39,0.35,1.79,992.05,2.34,2.31,0.026658963749833058,
Client 82,0.12,,1,0.42,0.26,0.58,0.12,2.19,950.78,2.3,2.68,0.09086563068817063,
Client 83,0.05,,0,0.81,0.71,0.19,0.57,1.24,955.14,2.01,1.88,0.012516231597329881,
Client 84,0.06,,0,0.69,0.39,0.31,0.18,2.14,1014.53,2.32,3.59,0.0313266972220066,
Client 85,0.1,,1,0.16,0.6,0.84,0.24,2.54,1023.33,2.4,2.96,0.12314084629524866,
Client 86,0.12,,1,0.37,0.48,0.63,0.25,1.93,893.79,1.36,1.55,0.13339052894872822,
Client 87,0.1,,1,0.47,0.45,0.53,0.18,2.47,983.44,2.11,3.17,0.06872941245376152,
Client 88,0.11,,1,0.42,0.65,0.58,0.33,2.01,1059.1,1.59,2.32,0.07918638556457747,
Client 89,0.11,,0,0.65,0.43,0.35,0.18,2.42,752.57,1.92,1.93,0.04430761331040061,
Client 90,0.05,,0,0.74,0.84,0.26,0.52,1.6,1048.09,1.87,1.84,0.01597067755372874,
Client 91,0.11,,1,0.13,0.69,0.87,0.29,2.36,1005.2,2.25,2.27,0.12937447313617348,
Client 92,0.08,,1,0.46,0.58,0.54,0.33,1.75,954.12,1.61,2.42,0.07378908794915987,
Client 93,0.11,,0,0.74,0.31,0.26,0.17,1.83,895.05,2.6,2.99,0.024269565682018077,
Client 94,0.07,0.07,0,0.75,0.44,0.25,0.23,1.88,908.57,2.1,3.17,0.026784403141470733,1.0
Client 95,0.1,0.1,0,0.61,0.59,0.39,0.26,2.28,939.44,1.63,3.11,0.04781241233206536,1.0
Client 96,0.12,,0,0.7,0.34,0.3,0.16,2.09,894.45,2.14,2.86,0.036501817831184585,
Client 97,0.1,0.1,0,0.53,0.58,0.47,0.3,1.95,1119.13,2.43,2.49,0.036197575876064224,1.0
Client 98,0.07,0.07,0,0.54,0.69,0.46,0.34,2.06,1083.51,2.23,2.26,0.03426843215883266,1.0
Client 99,0.07,0.07,0,0.71,0.39,0.29,0.26,1.53,895.17,1.48,1.99,0.04636882333934496,1.0
Client 100,0.08,0.08,0,0.62,0.84,0.38,0.44,1.9,1034.74,2.71,2.86,0.014939130349652522,0.0
Client 101,0.06,,0,0.67,0.51,0.33,0.24,2.13,1026.39,2.35,2.03,0.027382868899377587,
Client 102,0.08,0.08,0,0.64,1.07,0.36,0.46,2.31,1033.69,1.6,2.37,0.022334090688137142,1.0
Client 103,0.05,,0,0.61,0.96,0.39,0.53,1.83,1023.61,1.99,2.56,0.019960445940463464,
Client 104,0.09,0.09,0,0.67,0.8,0.33,0.45,1.8,998.7,2.03,2.07,0.020322193404882553,1.0
Client 105,0.08,,1,0.12,1.03,0.88,0.46,2.24,1080.94,1.45,2.78,0.13356422375621543,
Client 106,0.14,,1,0.18,0.67,0.82,0.3,2.24,1149.53,2.3,2.77,0.10917392286886136,
Client 107,0.08,,1,0.25,1.03,0.75,0.4,2.59,1151.03,2.09,2.36,0.06444727991168529,
Client 108,0.1,,1,0.6,0.32,0.4,0.17,1.94,911.3,1.7,1.62,0.06721269016853383,
Client 109,0.06,,0,0.62,0.59,0.38,0.23,2.58,1081.99,2.46,3.29,0.02802776197212858,
Client 110,0.11,,0,0.63,0.45,0.37,0.22,2.09,1111.12,2.46,2.69,0.031549641237440085,
Client 111,0.05,,0,0.68,0.53,0.32,0.24,2.23,989.77,2.06,3.6,0.03130493991431683,
Client 112,0.05,,0,0.86,0.7,0.14,0.41,1.71,745.55,2.16,2.48,0.011400736361800234,
Client 113,0.11,,1,0.28,0.37,0.72,0.18,2.1,1033.84,2.52,2.79,0.10436925848274002,
Client 114,0.1,0.1,0,0.6,0.86,0.4,0.54,1.58,1054.78,1.96,1.92,0.02306426920222998,1.0
Client 115,0.13,,0,0.56,0.57,0.44,0.39,1.45,1146.22,1.86,2.61,0.0436300133742155,
Client 116,0.1,,1,0.18,0.99,0.82,0.51,1.94,1099.84,2.44,3.46,0.06056591555815499,
Client 117,0.08,,1,0.57,0.65,0.43,0.32,2.05,1054.93,1.24,1.95,0.061771331158059065,
Client 118,0.09,0.09,0,0.41,0.94,0.59,0.38,2.49,1144.12,2.02,2.7,0.044852128413105444,1.0
Client 119,0.05,,0,0.65,1.0,0.35,0.54,1.86,998.71,2.05,2.1,0.01595916607297215,
Client 120,0.1,,1,0.41,0.62,0.59,0.33,1.87,1114.37,1.71,2.65,0.07813386401231143,
Client 121,0.09,0.09,0,0.56,0.62,0.44,0.29,2.16,1045.24,2.61,2.47,0.02833720635034605,1.0
Client 122,0.09,0.09,0,0.63,0.56,0.37,0.23,2.5,1161.85,2.88,3.25,0.021289757311793157,1.0
Client 123,0.11,,0,0.69,0.44,0.31,0.24,1.88,801.17,1.9,2.12,0.03674955666120475,
Client 124,0.07,0.07,0,0.58,0.61,0.42,0.38,1.6,1054.78,2.27,2.09,0.030496270771624992,1.0
Client 125,0.14,,1,0.07,0.75,0.93,0.34,2.17,1069.45,2.36,1.77,0.1312966141932933,
Client 126,0.07,0.07,0,0.57,0.54,0.43,0.32,1.67,1063.62,2.7,3.3,0.027217988125985988,1.0
Client 127,0.13,,1,0.18,0.45,0.82,0.19,2.36,1027.65,1.74,2.69,0.20023429056699169,
Client 128,0.13,,1,0.41,0.6,0.59,0.34,1.79,961.99,2.12,1.64,0.06123097183627097,
Client 129,0.1,0.1,0,0.63,0.82,0.37,0.58,1.42,863.62,1.51,1.88,0.02795877036997039,1.0
Client 130,0.05,,0,0.81,0.73,0.19,0.44,1.68,954.09,1.92,2.62,0.014843335618101645,
Client 131,0.09,,1,0.12,0.89,0.88,0.43,2.09,1141.01,1.84,2.46,0.12429459176221361,
Client 132,0.09,0.09,0,0.72,0.75,0.28,0.37,2.0,928.78,2.32,2.97,0.01624187070736702,0.0
Client 133,0.11,,1,0.4,0.23,0.6,0.11,2.01,977.52,1.69,2.27,0.14328931957855529,
Client 134,0.11,,1,0.45,0.11,0.55,0.06,1.74,872.78,2.06,2.54,0.11632273870480898,
Client 135,0.08,0.08,0,0.82,0.79,0.18,0.42,1.87,1035.03,2.55,2.34,0.009105398942120646,0.0
Client 136,0.12,,1,0.13,0.59,0.87,0.24,2.44,1228.8,2.39,2.9,0.13658258423593225,
Client 137,0.1,0.1,0,0.62,0.74,0.38,0.34,2.19,968.26,2.02,2.87,0.028661032150258402,1.0
Client 138,0.07,0.07,0,0.84,0.93,0.16,0.43,2.17,934.97,2.16,2.82,0.009428265478552252,0.0
Client 139,0.05,,0,0.63,0.98,0.37,0.45,2.17,1006.41,2.16,3.21,0.01775407872114889,
Client 140,0.05,,0,0.59,1.17,0.41,0.5,2.33,1020.28,2.13,2.17,0.01619823163836773,
Client 141,0.12,,1,0.2,0.6,0.8,0.44,1.38,1092.2,2.41,2.17,0.09016317912397923,
Client 142,0.05,,0,0.85,0.29,0.15,0.22,1.32,783.65,1.73,1.62,0.028734569670502905,
Client 143,0.13,,1,0.27,0.66,0.73,0.41,1.61,1073.91,1.43,1.97,0.12675639708681477,
Client 144,0.15,,1,0.12,0.74,0.88,0.51,1.47,1038.09,1.75,2.29,0.13957080307608571,
Client 145,0.11,,1,0.34,0.05,0.66,0.02,2.6,895.46,2.27,3.15,0.15582228003318047,
Client 146,0.16,,1,0.21,0.52,0.79,0.2,2.63,1004.36,2.22,2.2,0.13136472179615266,
Client 147,0.15,,1,0.12,0.8,0.88,0.44,1.82,1096.19,1.95,2.32,0.1254162196543816,
Client 148,0.1,0.1,0,0.53,0.58,0.47,0.27,2.12,1061.02,2.51,2.49,0.03542881623116218,1.0
Client 149,0.08,0.08,0,0.74,0.6,0.26,0.27,2.24,971.37,2.89,3.58,0.013500085296973597,0.0
Client 150,0.12,,0,0.53,0.69,0.47,0.35,1.94,1052.9,1.93,2.17,0.04246813818354273,
Client 151,0.08,0.08,0,0.61,0.59,0.39,0.32,1.86,984.31,1.75,2.43,0.04176576585032585,1.0
Client 152,0.09,0.09,0,0.59,0.88,0.41,0.63,1.41,1052.53,1.09,1.61,0.037416469794740934,1.0
Client 153,0.07,0.07,0,0.65,0.53,0.35,0.25,2.13,938.14,1.72,3.58,0.04251151042696556,1.0
Client 154,0.1,0.1,0,0.62,0.71,0.38,0.35,2.05,1002.69,1.69,2.81,0.036161693129530235,1.0
Client 155,0.14,,1,0.4,0.24,0.6,0.14,1.77,917.6,2.23,2.25,0.10079869548142657,
Client 156,0.09,0.09,0,0.76,0.36,0.24,0.2,1.77,930.34,2.04,2.25,0.0300972935663442,1.0
Client 157,0.14,,1,0.18,0.51,0.82,0.22,2.31,980.12,1.55,2.5,0.20555820375789088,
Client 158,0.07,0.07,0,0.74,0.85,0.26,0.5,1.7,864.03,2.32,2.99,0.012012231836312654,0.0
Client 159,0.07,0.07,0,0.53,0.65,0.47,0.32,1.99,1112.74,2.28,2.73,0.03641561202717244,1.0
Client 160,0.1,,1,0.18,0.63,0.82,0.28,2.26,1136.94,1.59,2.44,0.17290607990622633,
Client 161,0.1,,1,0.33,0.44,0.67,0.21,2.05,1043.11,2.65,2.75,0.07517947257343335,
Client 162,0.05,,0,0.68,0.86,0.32,0.45,1.91,974.83,1.81,3.31,0.02133677772034609,
Client 163,0.16,,1,0.11,0.3,0.89,0.14,2.16,918.03,1.53,1.96,0.3100920414311126,
Client 164,0.07,0.07,0,0.61,0.98,0.39,0.51,1.94,1135.89,1.81,3.06,0.022435025112340364,1.0
Client 165,0.09,0.09,0,0.68,0.84,0.32,0.41,2.07,875.31,2.11,2.56,0.018649666160026696,1.0
Client 166,0.05,,0,0.88,0.62,0.12,0.34,1.83,846.13,1.54,2.24,0.01864685821370186,
Client 167,0.09,0.09,0,0.66,0.36,0.34,0.15,2.36,986.71,2.28,2.75,0.03766031366189923,1.0
Client 168,0.15,,1,0.27,0.17,0.73,0.1,1.77,927.0,1.61,1.48,0.22787547772117764,
Client 169,0.06,,0,0.62,0.7,0.38,0.32,2.18,1045.99,2.1,1.81,0.028914458653678577,
Client 170,0.09,,1,0.36,0.24,0.64,0.1,2.45,1080.13,2.85,2.98,0.08142113105048708,
Client 171,0.1,0.1,0,0.67,0.57,0.33,0.28,2.0,890.31,2.59,2.67,0.02118194069547039,1.0
Client 172,0.13,,0,0.58,0.57,0.42,0.3,1.92,1074.99,1.8,2.69,0.046404976146281494,
Client 173,0.06,,0,0.61,0.68,0.39,0.3,2.26,988.39,2.35,2.77,0.026473204916047762,
Client 174,0.08,0.08,0,0.55,0.87,0.45,0.31,2.78,1039.63,1.51,2.84,0.04519029163349565,1.0
Client 175,0.06,,0,0.63,0.49,0.37,0.23,2.15,998.45,2.53,2.47,0.028676588899970577,
Client 176,0.05,,0,0.8,0.76,0.2,0.35,2.19,934.49,2.71,3.28,0.009710872108101206,
Client 177,0.12,,1,0.13,0.63,0.87,0.31,2.04,1035.62,1.5,2.91,0.203223790086048,
Client 178,0.08,0.08,0,0.59,0.54,0.41,0.38,1.42,887.52,1.68,2.38,0.046165289100760856,1.0
Client 179,0.09,,1,0.2,0.64,0.8,0.28,2.27,1001.68,1.57,3.29,0.16379147301344238,
Client 180,0.14,,1,0.14,0.47,0.86,0.22,2.16,926.3,1.44,2.59,0.24951700657335765,
Client 181,0.12,,0,0.73,0.32,0.27,0.15,2.13,891.77,2.13,2.65,0.034308644313021074,
Client 182,0.11,,0,0.52,0.35,0.48,0.16,2.14,1016.18,2.59,2.63,0.048768601778259216,
Client 183,0.08,0.08,0,0.6,0.61,0.4,0.4,1.52,1062.88,1.6,2.33,0.043002356939892294,1.0
Client 184,0.14,,1,0.24,0.53,0.76,0.24,2.17,991.85,1.81,1.79,0.14553087553663469,
Client 185,0.1,0.1,0,0.58,0.56,0.42,0.26,2.16,910.01,2.18,2.59,0.03828179561625429,1.0
Client 186,0.11,,1,0.45,0.49,0.55,0.24,2.0,978.36,2.44,2.17,0.054110851820465294,
Client 187,0.08,,1,0.37,0.64,0.63,0.28,2.3,1067.73,2.44,2.57,0.05806354177744828,
Client 188,0.09,0.09,0,0.61,0.49,0.39,0.22,2.24,961.6,2.22,2.58,0.03775034647963988,1.0
Client 189,0.13,,0,0.56,0.55,0.44,0.4,1.38,957.65,1.83,1.6,0.04491839429809293,
Client 190,0.11,,1,0.23,0.55,0.77,0.27,2.01,1005.18,1.87,2.42,0.13851533628030732,
Client 191,0.08,0.08,0,0.67,0.67,0.33,0.47,1.41,1114.56,2.16,3.18,0.020893398250243927,1.0
Client 192,0.08,0.08,0,0.6,0.56,0.4,0.25,2.22,1044.04,1.93,2.88,0.0424799361046672,1.0
Client 193,0.09,0.09,0,0.72,0.73,0.28,0.35,2.07,981.19,2.34,2.63,0.016697370831697242,0.0
Client 194,0.07,0.07,0,0.82,0.69,0.18,0.42,1.63,970.01,2.39,2.91,0.011213631108977787,0.0
Client 195,0.09,0.09,0,0.56,0.73,0.44,0.47,1.55,1181.01,1.31,2.36,0.0487618406826353,1.0
Client 196,0.08,0.08,0,0.53,1.17,0.47,0.51,2.3,1088.54,2.12,2.75,0.01972042203825007,1.0
Client 197,0.08,0.08,0,0.52,0.71,0.48,0.45,1.58,1111.05,2.61,2.09,0.025153373282319234,1.0
Client 198,0.15,,1,0.21,0.62,0.79,0.31,1.99,1029.87,2.58,3.26,0.08742133614873372,
Client 199,0.08,0.08,0,0.61,0.54,0.39,0.23,2.34,1253.62,2.8,3.53,0.02445799211944725,1.0
Client 200,0.06,,0,0.6,0.6,0.4,0.33,1.84,994.57,1.84,2.56,0.03994336985019313,
Client 201,0.05,,0,0.64,0.47,0.36,0.18,2.58,1042.73,2.99,2.63,0.022097454789456315,
Client 202,0.11,,0,0.55,0.71,0.45,0.4,1.76,981.16,1.68,1.77,0.043530703408286055,
Client 203,0.13,,1,0.25,0.44,0.75,0.2,2.26,998.48,2.32,2.59,0.118351071857145,
Client 204,0.13,,1,0.31,0.6,0.69,0.35,1.71,1029.7,1.27,1.09,0.13759832941379943,
Client 205,0.13,,1,0.57,0.65,0.43,0.29,2.23,979.91,1.54,1.77,0.05269935408317323,
Client 206,0.15,,1,0.16,0.7,0.84,0.35,2.02,1147.74,1.63,1.89,0.1585981124768649,
Client 207,0.15,,1,0.12,0.82,0.88,0.49,1.66,1088.05,1.9,1.98,0.12119159401318738,
Client 208,0.1,0.1,0,0.72,0.52,0.28,0.34,1.52,734.66,1.4,1.28,0.03833987995010391,1.0
Client 209,0.15,,1,0.07,0.65,0.93,0.33,1.98,962.92,1.48,2.05,0.2331883687529463,
Client 210,0.08,0.08,0,0.61,0.93,0.39,0.5,1.86,1020.89,2.23,2.17,0.018142173093903237,1.0
Client 211,0.11,,0,0.56,0.75,0.44,0.33,2.24,1129.35,1.9,3.23,0.03770571710662922,
Client 212,0.11,,0,0.61,0.56,0.39,0.32,1.75,1096.27,2.52,2.44,0.026250292767395975,
Client 213,0.11,,0,0.65,0.54,0.35,0.34,1.6,988.1,2.26,2.5,0.027212701974327336,
Client 214,0.06,,0,0.71,0.49,0.29,0.23,2.08,989.83,2.19,2.91,0.027421276851015208,
Client 215,0.07,0.07,0,0.84,0.62,0.16,0.37,1.69,920.44,2.58,3.31,0.010464358702194731,0.0
Client 216,0.09,,1,0.42,0.58,0.58,0.24,2.41,898.1,1.99,3.12,0.07217692792616834,
Client 217,0.11,,1,0.65,0.16,0.35,0.08,2.11,947.33,2.08,2.68,0.05766966551260821,
Client 218,0.1,,1,0.42,0.57,0.58,0.23,2.44,1111.57,2.57,2.95,0.05124961287056702,
Client 219,0.09,0.09,0,0.62,0.51,0.38,0.23,2.22,1030.44,1.85,2.37,0.04489401671295709,1.0
Client 220,0.07,0.07,0,0.59,0.68,0.41,0.39,1.75,1025.77,2.44,2.45,0.024380354790927577,1.0
Client 221,0.1,0.1,0,0.63,0.64,0.37,0.26,2.51,1113.61,2.27,3.29,0.028283003972984878,1.0
Client 222,0.13,,1,0.11,0.82,0.89,0.42,1.94,1032.08,2.16,2.12,0.11426715441077068,
Client 223,0.13,,1,0.07,0.77,0.93,0.4,1.92,1009.86,1.99,2.74,0.15106418109393943,
Client 224,0.11,,1,0.32,0.56,0.68,0.27,2.07,1015.52,1.77,2.77,0.11129106346687773,
Client 225,0.06,,0,0.6,0.52,0.4,0.21,2.5,989.12,2.24,3.11,0.03774261296030669,
Client 226,0.08,,1,0.42,0.58,0.58,0.28,2.1,967.24,2.4,2.14,0.05379024619283353,
Client 227,0.07,0.07,0,0.73,0.36,0.27,0.16,2.32,991.61,2.5,2.68,0.02569952676986688,1.0
Client 228,0.12,,0,0.47,0.89,0.53,0.45,1.99,1087.55,2.03,2.56,0.03594375410161117,
Client 229,0.05,,0,0.68,1.01,0.32,0.43,2.33,1083.52,1.79,2.46,0.01892863200487957,
Client 230,0.14,,1,0.44,0.54,0.56,0.31,1.74,1020.6,2.07,2.0,0.06265853571252766,
Client 231,0.05,,0,0.7,1.01,0.3,0.58,1.76,1029.34,2.04,2.77,0.01291218830825045,
Client 232,0.06,,0,0.64,0.73,0.36,0.31,2.31,923.02,1.83,2.6,0.03156688568985607,
Client 233,0.06,,0,0.65,0.98,0.35,0.5,1.96,1159.3,2.3,2.96,0.014403811876830553,
Client 234,0.08,0.08,0,0.69,0.47,0.31,0.23,2.04,950.88,1.85,2.26,0.037187625730161405,1.0
Client 235,0.08,0.08,0,0.55,0.59,0.45,0.27,2.18,1016.02,2.34,2.18,0.036629155387497676,1.0
Client 236,0.06,,0,0.58,0.6,0.42,0.24,2.52,1063.28,2.21,3.4,0.03680182884147355,
Client 237,0.14,,1,0.4,0.24,0.6,0.14,1.78,863.71,1.91,2.46,0.12177430720681572,
Client 238,0.12,,0,0.63,0.5,0.37,0.24,2.09,930.11,1.69,2.39,0.04810422967493633,
Client 239,0.08,0.08,0,0.61,0.51,0.39,0.23,2.23,969.52,2.67,2.51,0.0274267232784757,1.0
Client 240,0.12,,0,0.51,0.69,0.49,0.3,2.3,922.35,2.26,2.87,0.038590170267643824,
Client 241,0.1,0.1,0,0.61,0.6,0.39,0.25,2.37,1018.96,2.49,2.96,0.02756988992857363,1.0
Client 242,0.14,,1,0.11,0.49,0.89,0.44,1.1,1064.87,2.3,2.32,0.13966430423328544,
Client 243,0.14,,1,0.45,0.59,0.55,0.25,2.39,1041.31,1.77,3.3,0.07376603656086413,
Client 244,0.11,,1,0.14,0.56,0.86,0.26,2.21,951.93,1.96,2.39,0.1705688839934692,
Client 245,0.08,0.08,0,0.8,0.75,0.2,0.53,1.41,1038.76,2.35,1.99,0.010348585245699425,0.0
Client 246,0.09,0.09,0,0.65,0.65,0.35,0.26,2.5,918.44,2.0,3.08,0.031195558301957093,1.0
Client 247,0.13,,1,0.37,0.74,0.63,0.34,2.17,1186.75,2.18,2.43,0.058442697711716625,
Client 248,0.05,,0,0.68,1.02,0.32,0.52,1.94,1055.63,1.91,1.98,0.015815658614671976,
Client 249,0.13,,0,0.54,0.65,0.46,0.28,2.31,936.31,2.33,2.01,0.035513245434179865,
Client 250,0.08,,1,0.47,0.72,0.53,0.48,1.51,1014.38,1.4,2.1,0.06154155971966883,
Client 251,0.08,0.08,0,0.74,0.38,0.26,0.25,1.52,939.37,2.38,1.78,0.02405623671617461,1.0
Client 252,0.1,0.1,0,0.55,0.85,0.45,0.39,2.16,1146.42,1.67,2.93,0.038474182783828643,1.0
Client 253,0.1,0.1,0,0.71,0.31,0.29,0.14,2.3,884.07,2.21,3.05,0.03550590094442419,1.0
Client 254,0.07,0.07,0,0.76,0.75,0.24,0.37,2.04,943.04,1.56,2.53,0.023322321461940358,1.0
Client 255,0.1,,1,0.55,0.72,0.45,0.39,1.86,899.94,1.4,2.16,0.05196488282752657,
Client 256,0.1,0.1,0,0.67,0.48,0.33,0.22,2.18,930.85,1.85,2.18,0.0396962732537241,1.0
Client 257,0.05,,0,0.73,0.34,0.27,0.16,2.07,964.37,2.8,2.81,0.021588063267132473,
Client 258,0.06,,0,0.67,0.86,0.33,0.4,2.12,971.49,2.47,2.94,0.015085139886093387,
Client 259,0.14,,1,0.24,0.71,0.76,0.34,2.08,1111.75,1.43,1.81,0.14089331236298133,
Client 260,0.09,,1,0.69,0.31,0.31,0.13,2.43,887.91,1.74,3.04,0.051598661723077074,
Client 261,0.12,,1,0.27,0.39,0.73,0.19,2.1,959.21,1.5,3.03,0.18711078654425697,
Client 262,0.12,,1,0.11,0.7,0.89,0.43,1.62,1085.68,1.91,2.97,0.14589558691950122,
Client 263,0.05,,0,0.7,0.84,0.3,0.44,1.93,1118.36,2.21,2.95,0.0158524902553362,
Client 264,0.05,,0,0.67,0.47,0.33,0.29,1.6,1035.93,2.39,2.76,0.026428642713114382,
Client 265,0.07,0.07,0,0.85,0.64,0.15,0.4,1.62,999.44,2.59,2.47,0.009550016827121779,0.0
Client 266,0.05,,0,0.65,0.94,0.35,0.47,2.02,1033.26,2.38,2.33,0.014681304158591845,
Client 267,0.11,,1,0.41,0.64,0.59,0.36,1.79,984.2,1.9,2.51,0.06623922800432734,
Client 268,0.05,,0,0.58,1.1,0.42,0.52,2.12,938.2,2.14,2.52,0.01751686411330687,
Client 269,0.09,0.09,0,0.66,0.58,0.34,0.33,1.73,1049.29,1.89,1.74,0.03242273855399543,1.0
Client 270,0.11,,1,0.47,0.18,0.53,0.08,2.11,647.12,1.7,2.59,0.12455993782900653,
Client 271,0.13,,1,0.13,0.55,0.87,0.28,1.95,1009.35,1.52,1.9,0.2200450925732745,
Client 272,0.09,0.09,0,0.73,0.5,0.27,0.33,1.51,826.97,1.74,2.3,0.030739227983424752,1.0
Client 273,0.12,,0,0.64,0.42,0.36,0.23,1.82,839.53,2.07,2.38,0.0400001985993089,
Client 274,0.11,,1,0.57,0.36,0.43,0.18,1.99,914.39,1.7,2.33,0.07042067295510032,
Client 275,0.05,,0,0.69,0.73,0.31,0.52,1.41,978.79,1.78,1.79,0.022387204075644308,
Client 276,0.05,,0,0.69,1.12,0.31,0.46,2.41,1191.76,2.74,3.56,0.008504334570247823,
Client 277,0.06,,0,0.67,0.89,0.33,0.34,2.65,1172.76,2.3,2.9,0.017373191678468635,
Client 278,0.12,,0,0.69,0.32,0.31,0.18,1.84,972.52,2.0,3.24,0.04125071052692895,
Client 279,0.05,,0,0.6,1.02,0.4,0.58,1.78,1051.45,1.72,2.2,0.022002350112551236,
Client 280,0.1,,1,0.56,0.67,0.44,0.37,1.79,976.53,1.4,1.92,0.053901453089231444,
Client 281,0.14,,1,0.24,0.52,0.76,0.29,1.78,1014.43,1.85,1.98,0.13731612397394835,
Client 282,0.11,,1,0.52,0.23,0.48,0.15,1.57,874.08,1.58,1.99,0.10300056205990105,
Client 283,0.05,,0,0.63,1.05,0.37,0.48,2.17,910.66,1.15,2.0,0.0308942266897779,
Client 284,0.06,,0,0.59,1.06,0.41,0.56,1.88,1062.4,2.16,3.18,0.016728390595072914,
Client 285,0.06,,0,0.71,0.44,0.29,0.23,1.95,951.89,1.78,2.46,0.037537920252610386,
Client 286,0.1,0.1,0,0.59,0.66,0.41,0.33,2.03,867.11,1.54,1.47,0.04703818447652602,1.0
Client 287,0.05,,0,0.69,0.52,0.31,0.35,1.47,959.53,1.37,1.85,0.042674683681474035,
Client 288,0.12,,1,0.45,0.11,0.55,0.06,1.9,817.79,1.98,2.91,0.12189977737522156,
Client 289,0.09,0.09,0,0.66,0.61,0.34,0.34,1.81,871.82,1.98,1.87,0.029390227812402848,1.0
Client 290,0.08,0.08,0,0.67,0.87,0.33,0.4,2.16,986.45,2.51,3.56,0.014545334328523219,0.0
Client 291,0.08,,1,0.5,0.48,0.5,0.26,1.81,979.17,1.87,2.06,0.06522281989997175,
Client 292,0.09,0.09,0,0.6,1.01,0.4,0.59,1.71,1140.85,1.54,2.14,0.02473147059265648,1.0
Client 293,0.05,,0,0.62,0.62,0.38,0.34,1.82,998.59,1.88,2.59,0.03539250119761761,
Client 294,0.05,,0,0.63,0.76,0.37,0.56,1.35,1208.85,1.74,2.21,0.026123030300730044,
Client 295,0.05,,0,0.76,0.94,0.24,0.55,1.73,1061.61,2.28,2.43,0.00998812456826715,
Client 296,0.1,0.1,0,0.54,0.71,0.46,0.31,2.28,1073.48,2.21,3.07,0.03505047021822647,1.0
Client 297,0.11,,1,0.49,0.38,0.51,0.17,2.25,1109.28,2.13,3.03,0.06884850800798181,
Client 298,0.12,,0,0.57,0.71,0.43,0.41,1.74,929.22,1.45,1.71,0.04674215472864729,
Client 299,0.1,0.1,0,0.68,0.55,0.32,0.3,1.86,867.62,2.07,2.54,0.02870863133906481,1.0
Client 300,0.08,0.08,0,0.61,0.68,0.39,0.3,2.27,1131.12,2.37,3.16,0.026132825464161416,1.0
Client 301,0.08,0.08,0,0.68,0.89,0.32,0.58,1.53,1202.27,2.42,2.38,0.012173740351637876,0.0
Client 302,0.05,,0,0.74,0.76,0.26,0.43,1.75,1004.62,2.41,3.04,0.013336887251893187,
Client 303,0.12,,1,0.33,0.51,0.67,0.26,1.97,1019.46,2.08,2.79,0.09489430093684174,
Client 304,0.05,,0,0.64,0.5,0.36,0.49,1.03,846.32,1.35,1.61,0.04519033510489467,
Client 305,0.1,0.1,0,0.6,0.63,0.4,0.34,1.85,1061.3,1.68,2.46,0.042503898166910074,1.0
Client 306,0.08,0.08,0,0.64,0.64,0.36,0.31,2.05,996.52,2.17,2.78,0.027764317357256336,1.0
Client 307,0.11,,0,0.64,0.46,0.36,0.25,1.85,1050.47,2.28,3.16,0.03293198230083182,
Client 308,0.07,0.07,0,0.64,0.7,0.36,0.36,1.92,1157.66,1.64,2.8,0.03497274704699833,1.0
Client 309,0.1,,1,0.32,0.14,0.68,0.05,2.55,1115.12,2.01,2.31,0.1717275422057947,
Client 310,0.11,,0,0.6,0.6,0.4,0.28,2.14,1111.1,1.87,2.04,0.041171387043726394,
Client 311,0.09,0.09,0,0.57,0.57,0.43,0.35,1.65,1080.77,1.9,2.29,0.04282836075201835,1.0
Client 312,0.15,,1,0.26,0.44,0.74,0.25,1.76,1102.53,2.25,2.88,0.11434398849271954,
Client 313,0.13,,1,0.45,0.43,0.55,0.16,2.62,999.67,2.47,3.02,0.06087130013401835,
Client 314,0.13,,1,0.27,0.62,0.73,0.39,1.59,791.67,1.09,1.45,0.16222251354595904,
Client 315,0.06,,0,0.8,0.54,0.2,0.25,2.11,857.49,3.08,3.15,0.010574489322889813,
Client 316,0.14,,1,0.14,0.57,0.86,0.29,1.98,1240.57,2.31,3.15,0.1352297645069922,
Client 317,0.05,,0,0.81,0.52,0.19,0.38,1.37,791.55,1.73,2.83,0.02212550845324941,
Client 318,0.08,0.08,0,0.69,0.5,0.31,0.22,2.28,993.72,2.45,2.74,0.02475846979429611,1.0
Client 319,0.11,,1,0.27,0.7,0.73,0.42,1.69,1178.87,1.52,1.57,0.11489564157959942,
Client 320,0.13,,0,0.67,0.48,0.33,0.22,2.24,934.23,1.5,2.44,0.04957562426275335,
Client 321,0.06,,0,0.64,1.14,0.36,0.52,2.21,915.36,1.56,2.38,0.020092398179611316,
Client 322,0.06,,0,0.67,0.43,0.33,0.23,1.88,949.73,2.81,3.03,0.022265515087035538,
Client 323,0.13,,1,0.14,0.67,0.86,0.3,2.25,1133.25,1.97,2.08,0.14881584580384824,
Client 324,0.08,0.08,0,0.7,0.42,0.3,0.2,2.16,994.65,2.56,3.19,0.02468029179607318,1.0
Client 325,0.05,,0,0.8,0.3,0.2,0.19,1.55,761.68,2.21,2.15,0.025357792009499426,
Client 326,0.15,,1,0.18,0.66,0.82,0.41,1.61,990.32,1.61,1.43,0.14885985063679877,
Client 327,0.08,0.08,0,0.73,0.3,0.27,0.14,2.07,955.01,2.46,3.05,0.028591811185683307,1.0
Client 328,0.05,,0,0.58,1.35,0.42,0.57,2.37,1003.51,2.06,3.3,0.013580782227872755,
Client 329,0.1,0.1,0,0.54,0.33,0.46,0.17,1.93,1083.94,2.52,3.21,0.0482623637012231,1.0
Client 330,0.07,0.07,0,0.67,0.4,0.33,0.21,1.9,997.85,2.05,3.09,0.03822309740679436,1.0
Client 331,0.09,0.09,0,0.62,0.62,0.38,0.38,1.62,1020.42,2.13,1.98,0.028957270404311203,1.0
Client 332,0.08,0.08,0,0.52,0.89,0.48,0.42,2.12,1107.46,2.02,2.73,0.03162578999247447,1.0
Client 333,0.11,,1,0.1,0.65,0.9,0.49,1.33,1025.48,1.8,1.26,0.15844722237760595,
Client 334,0.15,,1,0.19,0.73,0.81,0.37,1.96,1067.0,1.94,2.09,0.11624149537422329,
Client 335,0.1,,1,0.32,0.57,0.68,0.29,2.0,870.39,1.58,2.44,0.12106674683310516,
Client 336,0.09,,1,0.29,0.42,0.71,0.19,2.22,1107.78,1.96,2.25,0.1331034677046604,
Client 337,0.13,,1,0.14,0.55,0.86,0.34,1.58,1082.78,2.17,2.0,0.14268842053955835,
Client 338,0.06,,0,0.68,0.89,0.32,0.45,1.98,960.89,2.05,2.21,0.017697751477108826,
Client 339,0.14,,1,0.44,0.66,0.56,0.35,1.88,836.62,0.94,2.12,0.10711864291290134,
Client 340,0.08,0.08,0,0.51,1.39,0.49,0.6,2.3,1109.99,1.31,2.54,0.026044302828238133,1.0
Client 341,0.07,0.07,0,0.65,1.17,0.35,0.62,1.88,1081.74,2.41,2.57,0.009754989299891294,0.0
Client 342,0.08,0.08,0,0.6,0.75,0.4,0.34,2.2,1094.35,2.19,2.66,0.02715892432504216,1.0
Client 343,0.07,0.07,0,0.72,0.88,0.28,0.49,1.79,948.25,2.36,2.37,0.01225792002579497,0.0
Client 344,0.07,0.07,0,0.51,0.81,0.49,0.4,2.01,1107.89,2.09,1.98,0.03454589764375432,1.0
Client 345,0.11,,0,0.65,0.6,0.35,0.27,2.22,1018.3,2.03,3.25,0.03186116514753838,
Client 346,0.08,0.08,0,0.85,0.06,0.15,0.03,2.09,885.73,1.97,2.76,0.03750915087130162,1.0
Client 347,0.11,,1,0.11,0.78,0.89,0.29,2.73,1121.1,1.79,2.73,0.16431251689436868,
Client 348,0.13,,1,0.07,0.28,0.93,0.11,2.49,952.11,1.63,2.6,0.3366108782555434,
Client 349,0.08,0.08,0,0.65,0.51,0.35,0.24,2.15,964.96,1.82,3.13,0.041096083324614265,1.0
Client 350,0.06,,0,0.63,0.73,0.37,0.35,2.12,909.78,1.41,2.8,0.04102554720018175,
Client 351,0.09,0.09,0,0.81,0.6,0.19,0.34,1.74,1008.36,2.23,3.06,0.015322837967491586,0.0
Client 352,0.11,,1,0.13,0.84,0.87,0.46,1.82,969.85,1.48,1.79,0.15109873265870719,
Client 353,0.11,,1,0.33,0.04,0.67,0.01,2.94,911.75,2.43,2.83,0.14915226354980315,
Client 354,0.05,,0,0.63,0.97,0.37,0.48,2.02,951.9,1.69,2.94,0.023628450079586045,
Client 355,0.12,,0,0.76,0.24,0.24,0.12,1.97,745.85,1.76,2.64,0.04396430199649901,
Client 356,0.05,,0,0.72,0.94,0.28,0.59,1.6,976.0,1.89,2.73,0.01416998705746924,
Client 357,0.1,,1,0.22,0.73,0.78,0.33,2.21,993.54,1.86,2.17,0.11545917632309077,
Client 358,0.06,,0,0.61,0.58,0.39,0.3,1.93,1085.17,1.97,2.3,0.03739144879119144,
Client 359,0.08,0.08,0,0.52,0.75,0.48,0.45,1.67,1061.95,1.97,1.57,0.0364873119961897,1.0
Client 360,0.15,,1,0.31,0.38,0.69,0.2,1.95,889.43,1.89,2.7,0.13424379888138543,
Client 361,0.13,,0,0.66,0.3,0.34,0.14,2.14,994.67,2.55,3.43,0.03397905448266975,
Client 362,0.07,0.07,0,0.64,0.69,0.36,0.37,1.87,914.66,1.78,2.29,0.03196852309935773,1.0
Client 363,0.07,0.07,0,0.58,1.07,0.42,0.65,1.65,1104.58,1.89,2.16,0.01864312918776604,1.0
Client 364,0.06,,0,0.54,1.2,0.46,0.5,2.38,1124.84,2.19,2.84,0.01785211505612739,
Client 365,0.05,,0,0.85,0.56,0.15,0.41,1.37,707.55,2.03,2.15,0.014824655419296536,
Client 366,0.05,,0,0.66,0.63,0.34,0.34,1.88,975.81,1.74,2.27,0.03361497875469538,
Client 367,0.09,0.09,0,0.6,0.57,0.4,0.27,2.1,1080.93,2.45,2.7,0.029544380686190596,1.0
Client 368,0.08,0.08,0,0.7,0.53,0.3,0.26,2.02,946.89,1.76,2.76,0.034843842416572485,1.0
Client 369,0.11,,0,0.61,0.61,0.39,0.32,1.94,911.76,2.02,2.78,0.03444796204156827,
Client 370,0.1,0.1,0,0.42,1.39,0.58,0.65,2.12,1206.94,1.78,2.26,0.024616856827472576,1.0
Client 371,0.14,,1,0.18,0.43,0.82,0.17,2.48,938.18,1.82,2.26,0.19835934685758388,
Client 372,0.07,0.07,0,0.56,0.78,0.44,0.35,2.25,951.71,1.82,2.82,0.03775446251853394,1.0
Client 373,0.09,0.09,0,0.6,0.7,0.4,0.33,2.1,963.25,1.78,2.07,0.0375529539044086,1.0
Client 374,0.1,,1,0.19,0.52,0.81,0.22,2.43,1004.19,1.3,2.63,0.22614894766265733,
Client 375,0.08,0.08,0,0.8,0.87,0.2,0.4,2.18,1117.77,2.62,3.25,0.00874130612436363,0.0
Client 376,0.05,,0,0.58,0.67,0.42,0.33,2.05,1049.59,2.29,2.43,0.02978781985523191,
Client 377,0.15,,1,0.13,0.54,0.87,0.25,2.21,1043.77,2.02,2.41,0.17416954566244056,
Client 378,0.09,0.09,0,0.62,0.61,0.38,0.29,2.09,1036.27,2.06,2.72,0.03347422922019575,1.0
Client 379,0.09,,1,0.46,0.41,0.54,0.18,2.26,1049.98,2.62,2.55,0.05367428200487837,
Client 380,0.06,,0,0.71,0.37,0.29,0.2,1.9,804.55,2.06,1.3,0.034674413203672,
Client 381,0.12,,0,0.65,0.53,0.35,0.31,1.67,912.05,1.4,2.33,0.049093585646459686,
Client 382,0.11,,0,0.55,0.68,0.45,0.36,1.88,1016.07,1.75,2.71,0.04462196100193347,
Client 383,0.09,,1,0.6,0.32,0.4,0.17,1.81,847.89,1.59,2.42,0.07194309225354528,
Client 384,0.12,,1,0.52,0.15,0.48,0.08,1.75,884.02,2.32,2.28,0.07580788894891247,
Client 385,0.05,,0,0.68,0.52,0.32,0.22,2.33,954.53,1.92,3.36,0.03529315231890114,
Client 386,0.05,,0,0.82,0.57,0.18,0.26,2.14,924.74,2.88,3.09,0.010821999964353526,
Client 387,0.11,,0,0.6,0.55,0.4,0.35,1.56,988.37,1.98,2.44,0.03764704039533845,
Client 388,0.05,,0,0.67,0.89,0.33,0.46,1.93,1041.29,2.23,1.52,0.01610521308800812,
Client 389,0.07,0.07,0,0.59,0.55,0.41,0.28,1.98,943.96,2.27,2.11,0.034631552689126974,1.0
Client 390,0.13,,0,0.55,0.34,0.45,0.15,2.21,876.0,2.44,2.62,0.0496287338232997,
Client 391,0.08,,1,0.37,0.75,0.63,0.3,2.51,919.66,1.85,2.82,0.07382227228159069,
Client 392,0.06,,0,0.63,0.49,0.37,0.29,1.69,1137.87,1.86,2.07,0.04152117747805132,
Client 393,0.08,,1,0.67,0.48,0.33,0.28,1.71,959.26,1.36,2.33,0.05106834874361424,
Client 394,0.13,,1,0.46,0.53,0.54,0.29,1.85,928.0,1.69,2.63,0.07657482637583717,
Client 395,0.1,0.1,0,0.64,0.51,0.36,0.21,2.47,903.37,2.54,2.97,0.027560139856084867,1.0
Client 396,0.07,0.07,0,0.64,1.31,0.36,0.69,1.9,997.1,1.78,2.14,0.012305627794382526,0.0
Client 397,0.09,0.09,0,0.72,0.49,0.28,0.29,1.7,970.52,1.67,2.66,0.0349293267901997,1.0
Client 398,0.06,,0,0.81,0.72,0.19,0.41,1.76,942.92,1.79,2.94,0.01683102674880447,
Client 399,0.09,,1,0.64,0.58,0.36,0.3,1.96,951.32,1.18,1.74,0.05597600486323225,
Client 400,0.06,,0,0.52,0.87,0.48,0.45,1.94,1060.31,2.14,2.73,0.028987560050115258,
Client 401,0.05,,0,0.65,0.86,0.35,0.4,2.16,995.04,2.43,3.32,0.01655674506076835,
Client 402,0.09,0.09,0,0.64,0.59,0.36,0.32,1.86,1140.07,1.96,2.83,0.033100002984755114,1.0
Client 403,0.08,0.08,0,0.68,0.79,0.32,0.54,1.46,974.3,1.5,2.65,0.025590792867861447,1.0
Client 404,0.09,0.09,0,0.68,0.28,0.32,0.12,2.23,860.42,2.42,3.05,0.03599769739673432,1.0
Client 405,0.08,0.08,0,0.71,0.8,0.29,0.37,2.17,1002.12,2.58,3.33,0.013458440746739722,0.0
Client 406,0.13,,1,0.27,0.51,0.73,0.26,1.99,1080.29,2.01,2.53,0.11870215943364268,
Client 407,0.08,0.08,0,0.58,0.61,0.42,0.29,2.08,1162.97,1.94,2.28,0.04120199272119359,1.0
Client 408,0.09,0.09,0,0.67,0.55,0.33,0.28,1.98,853.42,2.21,2.69,0.02765606860652585,1.0
Client 409,0.09,,1,0.56,0.37,0.44,0.25,1.48,947.32,1.82,1.96,0.06247417585202335,
Client 410,0.05,,0,0.82,0.7,0.18,0.43,1.61,1013.55,2.81,2.81,0.008333081735426663,
Client 411,0.1,,1,0.18,0.52,0.82,0.26,2.04,985.51,2.42,2.96,0.1211431249455005,
Client 412,0.08,0.08,0,0.62,0.47,0.38,0.21,2.31,918.55,2.45,2.13,0.03248333811280461,1.0
Client 413,0.05,,0,0.69,0.95,0.31,0.56,1.69,1034.08,2.86,2.53,0.008455411639242594,
Client 414,0.09,,1,0.11,1.06,0.89,0.48,2.19,1136.01,1.51,2.9,0.12702785644637457,
Client 415,0.06,,0,0.53,0.81,0.47,0.43,1.89,1065.03,1.65,2.14,0.04161394405199464,
Client 416,0.1,,1,0.37,0.68,0.63,0.57,1.18,978.89,2.09,2.19,0.05244481243908182,
Client 417,0.05,,0,0.64,0.9,0.36,0.58,1.55,959.15,1.92,2.01,0.019107619727940523,
Client 418,0.11,,1,0.52,0.44,0.48,0.25,1.78,976.07,1.26,1.59,0.09336606195161279,
Client 419,0.05,,0,0.67,0.84,0.33,0.47,1.77,1046.43,2.29,3.17,0.016134772317346977,
Client 420,0.07,0.07,0,0.61,0.98,0.39,0.46,2.14,1026.83,1.97,2.78,0.021263538684829462,1.0
Client 421,0.11,,1,0.14,0.72,0.86,0.32,2.24,1068.32,2.1,2.58,0.1297761049313521,
Client 422,0.14,,1,0.11,0.71,0.89,0.46,1.52,1063.95,1.14,1.13,0.21470668814473481,
Client 423,0.1,0.1,0,0.54,0.71,0.46,0.42,1.71,871.39,1.66,2.22,0.044655633275774605,1.0
Client 424,0.06,,0,0.63,1.05,0.37,0.5,2.09,971.58,1.55,2.65,0.0233801038354726,
Client 425,0.08,0.08,0,0.71,0.29,0.29,0.17,1.75,845.13,2.36,3.09,0.03193281487308808,1.0
Client 426,0.05,,0,0.61,1.02,0.39,0.45,2.29,1197.64,2.87,3.15,0.011445271290407434,
Client 427,0.09,,1,0.34,0.43,0.66,0.19,2.31,908.61,1.98,2.71,0.1122975426584472,
Client 428,0.07,0.07,0,0.76,0.38,0.24,0.23,1.64,1007.95,1.77,1.81,0.03405760048378707,1.0
Client 429,0.07,0.07,0,0.8,0.41,0.2,0.22,1.86,964.65,1.38,2.79,0.037586327944126106,1.0
Client 430,0.05,,0,0.73,0.83,0.27,0.38,2.15,976.57,2.37,3.36,0.013863067935076185,
Client 431,0.15,,1,0.22,0.52,0.78,0.26,2.02,956.25,1.47,2.08,0.1844704648928309,
Client 432,0.07,0.07,0,0.7,0.88,0.3,0.56,1.57,881.62,1.79,1.77,0.017730687983723684,0.0
Client 433,0.09,0.09,0,0.71,0.31,0.29,0.16,1.88,916.51,1.85,2.25,0.04380243335087149,1.0
Client 434,0.1,,1,0.17,0.63,0.83,0.37,1.67,946.06,0.85,1.55,0.2437705285861163,
Client 435,0.07,0.07,0,0.62,0.73,0.38,0.37,1.97,892.87,1.91,2.22,0.03016245787156082,1.0
Client 436,0.08,0.08,0,0.52,0.62,0.48,0.27,2.3,1034.56,2.48,3.97,0.03585180586906412,1.0
Client 437,0.1,0.1,0,0.54,0.77,0.46,0.35,2.22,1121.42,2.3,3.63,0.029923458108157774,1.0
Client 438,0.06,,0,0.52,0.78,0.48,0.33,2.39,1025.24,1.75,2.19,0.04586708438300239,
Client 439,0.11,,1,0.31,0.32,0.69,0.16,2.08,994.43,1.99,2.28,0.13862474350804757,
Client 440,0.08,0.08,0,0.56,0.64,0.44,0.3,2.16,1038.29,2.4,1.98,0.031480618220276424,1.0
Client 441,0.05,,0,0.67,0.93,0.33,0.59,1.59,1211.03,3.21,3.07,0.007109937082057816,
Client 442,0.1,,1,0.26,0.48,0.74,0.22,2.19,1101.85,2.48,2.11,0.09879487402966745,
Client 443,0.15,,1,0.36,0.33,0.64,0.17,1.98,851.1,1.25,2.83,0.17862173166046671,
Client 444,0.08,0.08,0,0.64,0.62,0.36,0.3,2.04,986.98,1.97,2.96,0.032551807037301275,1.0
Client 445,0.08,0.08,0,0.65,0.54,0.35,0.24,2.28,964.88,2.18,3.32,0.031666202904912406,1.0
Client 446,0.05,,0,0.57,1.11,0.43,0.58,1.93,1024.8,1.86,2.28,0.02025171042945,
Client 447,0.08,0.08,0,0.67,0.52,0.33,0.24,2.16,985.8,2.77,3.05,0.020641798893397203,1.0
Client 448,0.09,,1,0.28,0.42,0.72,0.17,2.53,1053.0,1.99,2.65,0.13715409192943578,
Client 449,0.05,,0,0.7,0.76,0.3,0.42,1.8,1220.75,1.89,2.19,0.021627003582879705,
Client 450,0.09,0.09,0,0.59,0.58,0.41,0.25,2.28,1035.02,1.92,2.63,0.04329390194121625,1.0
Client 451,0.12,,1,0.5,0.16,0.5,0.08,2.06,799.65,1.86,2.37,0.10551016725200851,
Client 452,0.05,,0,0.74,0.8,0.26,0.43,1.85,936.41,1.82,2.53,0.018828897748284803,
Client 453,0.05,,0,0.64,0.56,0.36,0.28,1.98,1048.16,1.77,2.77,0.0400833823815107,
Client 454,0.14,,1,0.13,0.68,0.87,0.34,2.02,968.42,1.47,2.2,0.1932135990658426,
Client 455,0.14,,1,0.49,0.49,0.51,0.2,2.44,987.83,1.47,2.49,0.09019125544056186,
Client 456,0.1,,1,0.54,0.68,0.46,0.39,1.75,1092.43,1.35,2.27,0.05759654825263657,
Client 457,0.16,,1,0.07,0.66,0.93,0.33,2.03,1043.02,1.62,2.48,0.21520445979582967,
Client 458,0.09,0.09,0,0.67,0.85,0.33,0.46,1.86,1052.04,2.03,2.98,0.01911758728183114,1.0
Client 459,0.1,0.1,0,0.7,0.38,0.3,0.17,2.29,884.86,1.76,3.31,0.0442510283563901,1.0
Client 460,0.05,,0,0.65,0.86,0.35,0.59,1.47,995.67,1.7,1.38,0.02199173972886256,
Client 461,0.14,,1,0.48,0.52,0.52,0.26,2.01,857.59,1.52,1.85,0.08290273000028273,
Client 462,0.08,0.08,0,0.62,0.58,0.38,0.3,1.92,1004.72,1.93,2.48,0.03712536537746615,1.0
Client 463,0.07,0.07,0,0.62,0.49,0.38,0.22,2.21,1064.57,2.19,3.22,0.037242804634667746,1.0
Client 464,0.15,,1,0.34,0.15,0.66,0.06,2.67,992.12,1.75,2.43,0.18401765506527107,
Client 465,0.07,0.07,0,0.2,1.42,0.8,0.6,2.35,1315.45,2.42,2.42,0.03434195083652221,1.0
Client 466,0.09,0.09,0,0.65,0.65,0.35,0.3,2.18,957.56,1.98,3.39,0.0303630960375211,1.0
Client 467,0.11,,1,0.65,0.45,0.35,0.19,2.41,979.92,1.55,2.5,0.054345308900013566,
Client 468,0.14,,1,0.42,0.59,0.58,0.31,1.87,1086.75,1.66,1.93,0.081890776487928,
Client 469,0.06,,0,0.69,0.52,0.31,0.24,2.14,832.14,1.48,2.34,0.04434729939747878,
Client 470,0.09,,1,0.15,0.68,0.85,0.35,1.93,1054.49,2.13,2.11,0.12497434260922206,
Client 471,0.14,,1,0.33,0.57,0.67,0.24,2.4,918.04,1.21,2.51,0.15200053590994714,
Client 472,0.11,,0,0.7,0.4,0.3,0.22,1.84,1007.58,2.1,2.42,0.033218529854607395,
Client 473,0.12,,1,0.49,0.48,0.51,0.24,2.02,993.46,1.81,2.18,0.07122451589498588,
Client 474,0.12,,0,0.66,0.38,0.34,0.18,2.1,916.57,2.4,2.42,0.03317519012212611,
Client 475,0.12,,1,0.27,0.47,0.73,0.21,2.23,935.99,1.76,2.73,0.14861270692866477,
Client 476,0.08,,1,0.46,0.49,0.54,0.3,1.66,959.08,2.15,2.08,0.0592911497290453,
Client 477,0.07,0.07,0,0.74,0.85,0.26,0.48,1.77,1033.57,2.26,2.81,0.012751474136765436,0.0
Client 478,0.15,,1,0.26,0.32,0.74,0.15,2.12,1180.58,2.06,2.8,0.1553840136681566,
Client 479,0.14,,1,0.11,0.94,0.89,0.41,2.31,1010.43,2.0,2.39,0.11343385606567598,
Client 480,0.07,0.07,0,0.8,0.98,0.2,0.53,1.86,1037.03,2.15,2.63,0.00931328355909439,0.0
Client 481,0.15,,1,0.34,0.34,0.66,0.23,1.46,911.21,1.82,2.07,0.12912739549334298,
Client 482,0.09,0.09,0,0.63,0.57,0.37,0.35,1.65,1162.04,2.54,3.01,0.02329217392305505,1.0
Client 483,0.12,,0,0.5,0.8,0.5,0.3,2.68,1151.27,1.8,2.34,0.047870596131273556,
Client 484,0.16,,1,0.18,0.2,0.82,0.07,2.73,928.34,1.18,2.15,0.3477521822009438,
Client 485,0.05,,0,0.69,0.79,0.31,0.41,1.9,1035.98,2.27,3.77,0.017100664179906546,
Client 486,0.12,,1,0.32,0.39,0.68,0.22,1.76,871.69,1.28,2.08,0.17893329839496572,
Client 487,0.12,,0,0.72,0.37,0.28,0.21,1.8,978.03,1.76,2.77,0.040256107532529554,
Client 488,0.13,,1,0.41,0.37,0.59,0.17,2.14,807.77,1.42,2.1,0.13583717866023012,
Client 489,0.08,0.08,0,0.56,0.76,0.44,0.31,2.43,1025.98,2.38,2.11,0.027969084803445305,1.0
Client 490,0.11,,1,0.56,0.66,0.44,0.37,1.81,1022.91,1.47,2.56,0.052089385490971904,
Client 491,0.09,,1,0.35,0.47,0.65,0.2,2.29,1084.62,1.74,2.64,0.11984224930718412,
Client 492,0.14,,1,0.5,0.47,0.5,0.28,1.69,853.28,1.36,2.31,0.08836337831270169,
Client 493,0.07,0.07,0,0.59,0.58,0.41,0.25,2.3,1040.79,1.98,2.41,0.04167219357238191,1.0
Client 494,0.08,,1,0.51,0.66,0.49,0.39,1.7,1041.17,1.72,2.58,0.0512692520914331,
Client 495,0.06,,0,0.53,0.72,0.47,0.36,1.97,1148.02,2.11,2.31,0.03637785921605133,
Client 496,0.12,,1,0.31,0.61,0.69,0.29,2.11,917.03,1.56,1.78,0.12167051318027196,
Client 497,0.05,,0,0.72,0.75,0.28,0.4,1.85,943.02,2.08,3.13,0.01842952279105121,
Client 498,0.09,0.09,0,0.76,0.35,0.24,0.21,1.72,843.28,2.58,2.44,0.021217249011015352,1.0
Client 499,0.09,0.09,0,0.54,0.55,0.46,0.35,1.59,927.16,2.26,2.84,0.03830194011000588,1.0
Client 500,0.12,,1,0.27,0.49,0.73,0.22,2.27,985.53,1.53,2.88,0.1646819799070988,
