Client ,Max Willing to Pay Interest Rate,Winning Bid,Winning Team,Team 1 Bid,Team 2 Bid,Team 3 Bid,Amount ($'s),Default,E/A,ROA,D/A,OPM,ATR,Size,QR,CR,,,,Bonds to Issue,,,
Client 1,7%,5.00%,2,5.25%,5.00%,,"$1,000,000",0,0.62,0.65,0.38,0.30,2.14,1040.22,2.03,2.51,10.25%,0.00%,,Team 1,Team 2,Team 3,
Client 2,5%,5.00%,0,,,,"$1,000,000",0,0.64,0.91,0.36,0.55,1.67,1015.47,1.56,2.45,0.00%,0.00%,,"-$25,000,000.00","-$24,000,000.00","-$25,000,000.00",
Client 3,7%,7.00%,0,,,,"$1,000,000",0,0.64,0.92,0.36,0.50,1.82,893.21,1.49,2.34,0.00%,0.00%,,,,,
Client 4,12%,12.00%,0,,,,"$1,000,000",0,0.16,0.50,0.84,0.20,2.52,1051.25,2.80,2.41,0.00%,0.00%,,,,,
Client 5,7%,7.00%,0,,,,"$1,000,000",0,0.61,0.57,0.39,0.28,2.02,990.66,2.06,2.41,0.00%,0.00%,,,,,
Client 6,11%,11.00%,0,,,,"$1,000,000",0,0.68,0.32,0.32,0.16,1.97,1004.05,2.32,2.83,0.00%,0.00%,,,,,
Client 7,8%,8.00%,0,,,,"$1,000,000",0,0.68,0.43,0.32,0.21,2.07,967.97,2.55,3.53,0.00%,0.00%,,,,,
Client 8,9%,9.00%,0,,,,"$1,000,000",0,0.51,0.74,0.49,0.35,2.09,1001.13,1.98,2.18,0.00%,0.00%,,,,,
Client 9,9%,9.00%,0,,,,"$1,000,000",0,0.51,0.79,0.49,0.38,2.08,1137.75,2.78,3.17,0.00%,0.00%,,,,,
Client 10,11%,11.00%,0,,,,"$1,000,000",0,0.23,0.69,0.77,0.35,1.93,864.29,1.19,1.74,0.00%,100.00%,,Current $ Loans,,,
Client 11,8%,8.00%,0,,,,"$1,000,000",0,0.58,0.57,0.42,0.33,1.74,1046.25,1.93,2.76,0.00%,0.00%,,Team 1,Team 2,Team 3,
Client 12,5%,5.00%,0,,,,"$1,000,000",0,0.53,1.34,0.47,0.68,1.97,1210.87,2.34,3.01,0.00%,0.00%,,$0.00,"$1,000,000.00",$0.00,"$1,000,000.00"
Client 13,10%,10.00%,0,,,,"$1,000,000",0,0.67,0.49,0.33,0.26,1.88,935.19,1.67,1.98,0.00%,0.00%,,,,,
Client 14,5%,5.00%,0,,,,"$1,000,000",0,0.57,0.78,0.43,0.39,1.98,926.29,2.22,1.93,0.00%,0.00%,,,,,
Client 15,10%,10.00%,0,,,,"$1,000,000",0,0.65,0.46,0.35,0.32,1.42,929.31,1.35,1.82,0.00%,0.00%,,,,,
Client 16,6%,6.00%,0,,,,"$1,000,000",0,0.58,1.07,0.42,0.60,1.80,908.73,1.91,1.94,0.00%,0.00%,,Current $ Loans,,,
Client 17,9%,9.00%,0,,,,"$1,000,000",0,0.61,0.59,0.39,0.24,2.46,925.63,1.42,2.56,0.00%,0.00%,,Team 1,Team 2,Team 3,
Client 18,5%,5.00%,0,,,,"$1,000,000",0,0.69,0.79,0.31,0.45,1.75,1113.65,2.03,1.71,0.00%,0.00%,,#DIV/0!,0.00%,#DIV/0!,
Client 19,13%,13.00%,0,,,,"$1,000,000",0,0.40,0.23,0.60,0.10,2.22,917.98,2.11,2.88,0.00%,0.00%,,,,,
Client 20,11%,11.00%,0,,,,"$1,000,000",1,0.67,0.35,0.33,0.15,2.34,922.84,2.47,2.62,0.00%,0.00%,,,,,
Client 21,11%,11.00%,0,,,,"$1,000,000",0,0.42,0.58,0.58,0.23,2.52,1097.47,1.87,2.06,0.00%,0.00%,,,,,
Client 22,7%,7.00%,0,,,,"$1,000,000",0,0.56,0.58,0.44,0.28,2.10,1078.52,2.72,2.98,0.00%,0.00%,,,,,
Client 23,5%,5.00%,0,,,,"$1,000,000",0,0.66,1.00,0.34,0.45,2.21,1000.32,1.56,2.47,0.00%,0.00%,,,,,
Client 24,7%,7.00%,0,,,,"$1,000,000",0,0.61,0.59,0.39,0.30,1.97,998.06,1.65,1.86,0.00%,0.00%,,,,,
Client 25,14%,14.00%,0,,,,"$1,000,000",0,0.18,0.71,0.82,0.45,1.56,1095.57,1.62,2.79,0.00%,0.00%,,,,,
Client 26,11%,11.00%,0,,,,"$1,000,000",0,0.36,0.38,0.64,0.18,2.10,1031.00,2.27,3.19,0.00%,0.00%,,,,,
Client 27,13%,13.00%,0,,,,"$1,000,000",1,0.56,0.31,0.44,0.14,2.21,722.51,1.93,2.39,0.00%,0.00%,,,,,
Client 28,13%,13.00%,0,,,,"$1,000,000",0,0.07,0.69,0.93,0.33,2.11,1030.66,1.33,1.77,0.00%,0.00%,,,,,
Client 29,5%,5.00%,0,,,,"$1,000,000",0,0.76,0.72,0.24,0.39,1.85,847.03,2.56,2.51,0.00%,0.00%,,,,,
Client 30,5%,5.00%,0,,,,"$1,000,000",0,0.82,0.69,0.18,0.38,1.82,1012.42,2.54,2.79,0.00%,0.00%,,,,,
Client 31,8%,8.00%,0,,,,"$1,000,000",0,0.51,0.75,0.49,0.34,2.18,1100.21,2.02,1.92,0.00%,0.00%,,,,,
Client 32,12%,12.00%,0,,,,"$1,000,000",0,0.53,0.47,0.47,0.23,2.02,890.59,1.68,2.92,0.00%,0.00%,,,,,
Client 33,14%,14.00%,0,,,,"$1,000,000",0,0.63,0.42,0.37,0.30,1.42,1057.73,2.00,2.15,0.00%,0.00%,,,,,
Client 34,11%,11.00%,0,,,,"$1,000,000",0,0.31,0.46,0.69,0.21,2.16,930.63,1.79,2.63,0.00%,0.00%,,,,,
Client 35,7%,7.00%,0,,,,"$1,000,000",0,0.79,0.36,0.21,0.20,1.82,1039.59,2.08,2.89,0.00%,0.00%,,,,,
Client 36,6%,6.00%,0,,,,"$1,000,000",0,0.61,0.98,0.39,0.47,2.09,1032.53,2.74,2.96,0.00%,0.00%,,,,,
Client 37,13%,13.00%,0,,,,"$1,000,000",0,0.65,0.47,0.35,0.25,1.87,935.70,1.56,2.25,0.00%,0.00%,,,,,
Client 38,15%,15.00%,0,,,,"$1,000,000",0,0.35,0.50,0.65,0.32,1.55,904.38,1.11,1.51,0.00%,0.00%,,,,,
Client 39,16%,16.00%,0,,,,"$1,000,000",0,0.18,0.58,0.82,0.30,1.96,996.73,1.42,2.56,0.00%,0.00%,,,,,
Client 40,13%,13.00%,0,,,,"$1,000,000",0,0.38,0.41,0.62,0.19,2.16,984.14,2.00,1.81,0.00%,0.00%,,,,,
Client 41,7%,7.00%,0,,,,"$1,000,000",0,0.72,0.76,0.28,0.31,2.44,957.80,2.25,2.46,0.00%,0.00%,,,,,
Client 42,6%,6.00%,0,,,,"$1,000,000",0,0.71,0.82,0.29,0.42,1.94,1056.13,2.25,2.70,0.00%,0.00%,,,,,
Client 43,9%,9.00%,0,,,,"$1,000,000",0,0.65,0.58,0.35,0.28,2.04,992.73,2.18,2.29,0.00%,0.00%,,,,,
Client 44,12%,12.00%,0,,,,"$1,000,000",0,0.53,0.76,0.47,0.35,2.18,966.67,1.89,2.32,0.00%,0.00%,,,,,
Client 45,8%,8.00%,0,,,,"$1,000,000",0,0.58,0.61,0.42,0.25,2.45,936.46,2.28,2.95,0.00%,0.00%,,,,,
Client 46,7%,7.00%,0,,,,"$1,000,000",0,0.64,1.15,0.36,0.47,2.46,1043.75,2.31,2.25,0.00%,0.00%,,,,,
Client 47,8%,8.00%,0,,,,"$1,000,000",1,0.71,0.49,0.29,0.27,1.83,957.17,1.64,2.45,0.00%,0.00%,,,,,
Client 48,8%,8.00%,0,,,,"$1,000,000",0,0.60,0.44,0.40,0.29,1.53,978.87,2.60,2.28,0.00%,0.00%,,,,,
Client 49,14%,14.00%,0,,,,"$1,000,000",0,0.47,0.54,0.53,0.26,2.06,979.99,1.87,2.87,0.00%,0.00%,,,,,
Client 50,6%,6.00%,0,,,,"$1,000,000",0,0.63,0.90,0.37,0.50,1.79,991.64,2.15,2.15,0.00%,0.00%,,,,,
Client 51,8%,8.00%,0,,,,"$1,000,000",0,0.65,0.41,0.35,0.21,1.97,912.65,2.22,2.58,0.00%,0.00%,,,,,
Client 52,5%,5.00%,0,,,,"$1,000,000",0,0.74,0.66,0.26,0.53,1.23,1097.78,1.56,2.75,0.00%,0.00%,,,,,
Client 53,8%,8.00%,0,,,,"$1,000,000",0,0.58,0.56,0.42,0.36,1.56,1013.22,1.89,2.70,0.00%,0.00%,,,,,
Client 54,12%,12.00%,0,,,,"$1,000,000",0,0.64,0.49,0.36,0.25,1.92,959.22,2.01,2.91,0.00%,0.00%,,,,,
Client 55,11%,11.00%,0,,,,"$1,000,000",0,0.66,0.45,0.34,0.26,1.71,943.89,1.62,2.38,0.00%,0.00%,,,,,
Client 56,9%,9.00%,0,,,,"$1,000,000",1,0.15,0.81,0.85,0.32,2.54,1025.60,2.13,3.06,0.00%,0.00%,,,,,
Client 57,15%,15.00%,0,,,,"$1,000,000",0,0.11,0.94,0.89,0.38,2.46,1011.34,1.36,2.95,0.00%,0.00%,,,,,
Client 58,10%,10.00%,0,,,,"$1,000,000",0,0.52,0.92,0.48,0.39,2.35,1069.42,1.71,2.25,0.00%,0.00%,,,,,
Client 59,8%,8.00%,0,,,,"$1,000,000",0,0.75,0.73,0.25,0.34,2.13,1004.32,1.94,3.02,0.00%,0.00%,,,,,
Client 60,5%,5.00%,0,,,,"$1,000,000",0,0.61,1.06,0.39,0.50,2.14,1005.03,2.84,2.94,0.00%,0.00%,,,,,
Client 61,5%,5.00%,0,,,,"$1,000,000",0,0.55,1.32,0.45,0.61,2.16,1133.42,1.66,2.64,0.00%,0.00%,,,,,
Client 62,12%,12.00%,0,,,,"$1,000,000",0,0.44,0.49,0.56,0.30,1.61,962.07,2.31,2.71,0.00%,0.00%,,,,,
Client 63,6%,6.00%,0,,,,"$1,000,000",0,0.46,0.97,0.54,0.38,2.58,1202.36,2.69,3.04,0.00%,0.00%,,,,,
Client 64,13%,13.00%,0,,,,"$1,000,000",0,0.45,0.51,0.55,0.25,2.04,1068.29,2.47,1.92,0.00%,0.00%,,,,,
Client 65,6%,6.00%,0,,,,"$1,000,000",0,0.59,0.65,0.41,0.38,1.72,1140.50,2.79,2.84,0.00%,0.00%,,,,,
Client 66,9%,9.00%,0,,,,"$1,000,000",1,0.52,0.37,0.48,0.17,2.13,946.43,2.27,2.75,0.00%,0.00%,,,,,
Client 67,7%,7.00%,0,,,,"$1,000,000",0,0.81,0.31,0.19,0.15,2.04,887.40,2.21,3.16,0.00%,0.00%,,,,,
Client 68,11%,11.00%,0,,,,"$1,000,000",0,0.68,0.44,0.32,0.23,1.89,928.55,1.34,2.22,0.00%,0.00%,,,,,
Client 69,9%,9.00%,0,,,,"$1,000,000",0,0.51,0.90,0.49,0.45,1.98,1162.84,2.21,2.83,0.00%,0.00%,,,,,
Client 70,14%,14.00%,0,,,,"$1,000,000",0,0.23,0.54,0.77,0.32,1.65,898.28,1.98,1.56,0.00%,0.00%,,,,,
Client 71,7%,7.00%,0,,,,"$1,000,000",0,0.67,0.59,0.33,0.32,1.84,1228.09,1.99,2.71,0.00%,0.00%,,,,,
Client 72,8%,8.00%,0,,,,"$1,000,000",0,0.72,0.95,0.28,0.45,2.12,996.52,2.04,2.70,0.00%,0.00%,,,,,
Client 73,11%,11.00%,0,,,,"$1,000,000",0,0.58,0.61,0.42,0.32,1.90,1054.05,2.22,2.68,0.00%,0.00%,,,,,
Client 74,10%,10.00%,0,,,,"$1,000,000",0,0.58,0.61,0.42,0.29,2.10,938.19,1.69,1.52,0.00%,0.00%,,,,,
Client 75,12%,12.00%,0,,,,"$1,000,000",1,0.45,0.56,0.55,0.30,1.89,1052.16,1.29,1.55,0.00%,0.00%,,,,,
Client 76,14%,14.00%,0,,,,"$1,000,000",0,0.17,0.53,0.83,0.27,1.96,1210.89,2.30,3.13,0.00%,0.00%,,,,,
Client 77,6%,6.00%,0,,,,"$1,000,000",0,0.56,0.72,0.44,0.39,1.86,1126.48,1.43,2.42,0.00%,0.00%,,,,,
Client 78,13%,13.00%,0,,,,"$1,000,000",0,0.34,1.13,0.66,0.50,2.28,1132.96,1.59,2.22,0.00%,0.00%,,,,,
Client 79,10%,10.00%,0,,,,"$1,000,000",0,0.61,0.47,0.39,0.23,2.06,942.20,2.44,2.44,0.00%,0.00%,,,,,
Client 80,10%,10.00%,0,,,,"$1,000,000",0,0.31,0.54,0.69,0.23,2.39,905.82,1.77,2.68,0.00%,100.00%,,,,,
Client 81,5%,5.00%,0,,,,"$1,000,000",0,0.61,0.63,0.39,0.35,1.79,992.05,2.34,2.31,0.00%,0.00%,,,,,
Client 82,12%,12.00%,0,,,,"$1,000,000",0,0.42,0.26,0.58,0.12,2.19,950.78,2.30,2.68,0.00%,0.00%,,,,,
Client 83,5%,5.00%,0,,,,"$1,000,000",0,0.81,0.71,0.19,0.57,1.24,955.14,2.01,1.88,0.00%,0.00%,,,,,
Client 84,6%,6.00%,0,,,,"$1,000,000",0,0.69,0.39,0.31,0.18,2.14,1014.53,2.32,3.59,0.00%,0.00%,,,,,
Client 85,10%,10.00%,0,,,,"$1,000,000",0,0.16,0.60,0.84,0.24,2.54,1023.33,2.40,2.96,0.00%,0.00%,,,,,
Client 86,12%,12.00%,0,,,,"$1,000,000",1,0.37,0.48,0.63,0.25,1.93,893.79,1.36,1.55,0.00%,0.00%,,,,,
Client 87,10%,10.00%,0,,,,"$1,000,000",0,0.47,0.45,0.53,0.18,2.47,983.44,2.11,3.17,0.00%,100.00%,,,,,
Client 88,11%,11.00%,0,,,,"$1,000,000",0,0.42,0.65,0.58,0.33,2.01,1059.10,1.59,2.32,0.00%,0.00%,,,,,
Client 89,11%,11.00%,0,,,,"$1,000,000",0,0.65,0.43,0.35,0.18,2.42,752.57,1.92,1.93,0.00%,0.00%,,,,,
Client 90,5%,5.00%,0,,,,"$1,000,000",0,0.74,0.84,0.26,0.52,1.60,1048.09,1.87,1.84,0.00%,0.00%,,,,,
Client 91,11%,11.00%,0,,,,"$1,000,000",0,0.13,0.69,0.87,0.29,2.36,1005.20,2.25,2.27,0.00%,100.00%,,,,,
Client 92,8%,8.00%,0,,,,"$1,000,000",0,0.46,0.58,0.54,0.33,1.75,954.12,1.61,2.42,0.00%,0.00%,,,,,
Client 93,11%,11.00%,0,,,,"$1,000,000",0,0.74,0.31,0.26,0.17,1.83,895.05,2.60,2.99,0.00%,0.00%,,,,,
Client 94,7%,7.00%,0,,,,"$1,000,000",0,0.75,0.44,0.25,0.23,1.88,908.57,2.10,3.17,0.00%,0.00%,,,,,
Client 95,10%,10.00%,0,,,,"$1,000,000",0,0.61,0.59,0.39,0.26,2.28,939.44,1.63,3.11,0.00%,0.00%,,,,,
Client 96,12%,12.00%,0,,,,"$1,000,000",0,0.70,0.34,0.30,0.16,2.09,894.45,2.14,2.86,0.00%,100.00%,,,,,
Client 97,10%,10.00%,0,,,,"$1,000,000",0,0.53,0.58,0.47,0.30,1.95,1119.13,2.43,2.49,0.00%,0.00%,,,,,
Client 98,7%,7.00%,0,,,,"$1,000,000",0,0.54,0.69,0.46,0.34,2.06,1083.51,2.23,2.26,0.00%,0.00%,,,,,
Client 99,7%,7.00%,0,,,,"$1,000,000",0,0.71,0.39,0.29,0.26,1.53,895.17,1.48,1.99,0.00%,0.00%,,,,,
Client 100,8%,8.00%,0,,,,"$1,000,000",0,0.62,0.84,0.38,0.44,1.90,1034.74,2.71,2.86,0.00%,100.00%,,,,,
Client 101,6%,6.00%,0,,,,"$1,000,000",0,0.67,0.51,0.33,0.24,2.13,1026.39,2.35,2.03,0.00%,0.00%,,,,,
Client 102,8%,8.00%,0,,,,"$1,000,000",0,0.64,1.07,0.36,0.46,2.31,1033.69,1.60,2.37,0.00%,0.00%,,,,,
Client 103,5%,5.00%,0,,,,"$1,000,000",0,0.61,0.96,0.39,0.53,1.83,1023.61,1.99,2.56,0.00%,0.00%,,,,,
Client 104,9%,9.00%,0,,,,"$1,000,000",0,0.67,0.80,0.33,0.45,1.80,998.70,2.03,2.07,0.00%,0.00%,,,,,
Client 105,8%,8.00%,0,,,,"$1,000,000",0,0.12,1.03,0.88,0.46,2.24,1080.94,1.45,2.78,0.00%,0.00%,,,,,
Client 106,14%,14.00%,0,,,,"$1,000,000",1,0.18,0.67,0.82,0.30,2.24,1149.53,2.30,2.77,0.00%,100.00%,,,,,
Client 107,8%,8.00%,0,,,,"$1,000,000",0,0.25,1.03,0.75,0.40,2.59,1151.03,2.09,2.36,0.00%,0.00%,,,,,
Client 108,10%,10.00%,0,,,,"$1,000,000",0,0.60,0.32,0.40,0.17,1.94,911.30,1.70,1.62,0.00%,0.00%,,,,,
Client 109,6%,6.00%,0,,,,"$1,000,000",0,0.62,0.59,0.38,0.23,2.58,1081.99,2.46,3.29,0.00%,0.00%,,,,,
Client 110,11%,11.00%,0,,,,"$1,000,000",0,0.63,0.45,0.37,0.22,2.09,1111.12,2.46,2.69,0.00%,0.00%,,,,,
Client 111,5%,5.00%,0,,,,"$1,000,000",0,0.68,0.53,0.32,0.24,2.23,989.77,2.06,3.60,0.00%,0.00%,,,,,
Client 112,5%,5.00%,0,,,,"$1,000,000",0,0.86,0.70,0.14,0.41,1.71,745.55,2.16,2.48,0.00%,0.00%,,,,,
Client 113,11%,11.00%,0,,,,"$1,000,000",0,0.28,0.37,0.72,0.18,2.10,1033.84,2.52,2.79,0.00%,0.00%,,,,,
Client 114,10%,10.00%,0,,,,"$1,000,000",0,0.60,0.86,0.40,0.54,1.58,1054.78,1.96,1.92,0.00%,0.00%,,,,,
Client 115,13%,13.00%,0,,,,"$1,000,000",0,0.56,0.57,0.44,0.39,1.45,1146.22,1.86,2.61,0.00%,0.00%,,,,,
Client 116,10%,10.00%,0,,,,"$1,000,000",0,0.18,0.99,0.82,0.51,1.94,1099.84,2.44,3.46,0.00%,100.00%,,,,,
Client 117,8%,8.00%,0,,,,"$1,000,000",0,0.57,0.65,0.43,0.32,2.05,1054.93,1.24,1.95,0.00%,0.00%,,,,,
Client 118,9%,9.00%,0,,,,"$1,000,000",0,0.41,0.94,0.59,0.38,2.49,1144.12,2.02,2.70,0.00%,0.00%,,,,,
Client 119,5%,5.00%,0,,,,"$1,000,000",0,0.65,1.00,0.35,0.54,1.86,998.71,2.05,2.10,0.00%,0.00%,,,,,
Client 120,10%,10.00%,0,,,,"$1,000,000",0,0.41,0.62,0.59,0.33,1.87,1114.37,1.71,2.65,0.00%,0.00%,,,,,
Client 121,9%,9.00%,0,,,,"$1,000,000",0,0.56,0.62,0.44,0.29,2.16,1045.24,2.61,2.47,0.00%,0.00%,,,,,
Client 122,9%,9.00%,0,,,,"$1,000,000",0,0.63,0.56,0.37,0.23,2.50,1161.85,2.88,3.25,0.00%,0.00%,,,,,
Client 123,11%,11.00%,0,,,,"$1,000,000",0,0.69,0.44,0.31,0.24,1.88,801.17,1.90,2.12,0.00%,0.00%,,,,,
Client 124,7%,7.00%,0,,,,"$1,000,000",0,0.58,0.61,0.42,0.38,1.60,1054.78,2.27,2.09,0.00%,100.00%,,,,,
Client 125,14%,14.00%,0,,,,"$1,000,000",0,0.07,0.75,0.93,0.34,2.17,1069.45,2.36,1.77,0.00%,0.00%,,,,,
Client 126,7%,7.00%,0,,,,"$1,000,000",0,0.57,0.54,0.43,0.32,1.67,1063.62,2.70,3.30,0.00%,0.00%,,,,,
Client 127,13%,13.00%,0,,,,"$1,000,000",0,0.18,0.45,0.82,0.19,2.36,1027.65,1.74,2.69,0.00%,0.00%,,,,,
Client 128,13%,13.00%,0,,,,"$1,000,000",1,0.41,0.60,0.59,0.34,1.79,961.99,2.12,1.64,0.00%,0.00%,,,,,
Client 129,10%,10.00%,0,,,,"$1,000,000",0,0.63,0.82,0.37,0.58,1.42,863.62,1.51,1.88,0.00%,0.00%,,,,,
Client 130,5%,5.00%,0,,,,"$1,000,000",0,0.81,0.73,0.19,0.44,1.68,954.09,1.92,2.62,0.00%,0.00%,,,,,
Client 131,9%,9.00%,0,,,,"$1,000,000",0,0.12,0.89,0.88,0.43,2.09,1141.01,1.84,2.46,0.00%,0.00%,,,,,
Client 132,9%,9.00%,0,,,,"$1,000,000",0,0.72,0.75,0.28,0.37,2.00,928.78,2.32,2.97,0.00%,0.00%,,,,,
Client 133,11%,11.00%,0,,,,"$1,000,000",0,0.40,0.23,0.60,0.11,2.01,977.52,1.69,2.27,0.00%,0.00%,,,,,
Client 134,11%,11.00%,0,,,,"$1,000,000",0,0.45,0.11,0.55,0.06,1.74,872.78,2.06,2.54,0.00%,0.00%,,,,,
Client 135,8%,8.00%,0,,,,"$1,000,000",0,0.82,0.79,0.18,0.42,1.87,1035.03,2.55,2.34,0.00%,0.00%,,,,,
Client 136,12%,12.00%,0,,,,"$1,000,000",0,0.13,0.59,0.87,0.24,2.44,1228.80,2.39,2.90,0.00%,0.00%,,,,,
Client 137,10%,10.00%,0,,,,"$1,000,000",0,0.62,0.74,0.38,0.34,2.19,968.26,2.02,2.87,0.00%,0.00%,,,,,
Client 138,7%,7.00%,0,,,,"$1,000,000",0,0.84,0.93,0.16,0.43,2.17,934.97,2.16,2.82,0.00%,0.00%,,,,,
Client 139,5%,5.00%,0,,,,"$1,000,000",0,0.63,0.98,0.37,0.45,2.17,1006.41,2.16,3.21,0.00%,0.00%,,,,,
Client 140,5%,5.00%,0,,,,"$1,000,000",0,0.59,1.17,0.41,0.50,2.33,1020.28,2.13,2.17,0.00%,0.00%,,,,,
Client 141,12%,12.00%,0,,,,"$1,000,000",0,0.20,0.60,0.80,0.44,1.38,1092.20,2.41,2.17,0.00%,0.00%,,,,,
Client 142,5%,5.00%,0,,,,"$1,000,000",0,0.85,0.29,0.15,0.22,1.32,783.65,1.73,1.62,0.00%,0.00%,,,,,
Client 143,13%,13.00%,0,,,,"$1,000,000",0,0.27,0.66,0.73,0.41,1.61,1073.91,1.43,1.97,0.00%,0.00%,,,,,
Client 144,15%,15.00%,0,,,,"$1,000,000",0,0.12,0.74,0.88,0.51,1.47,1038.09,1.75,2.29,0.00%,100.00%,,,,,
Client 145,11%,11.00%,0,,,,"$1,000,000",0,0.34,0.05,0.66,0.02,2.60,895.46,2.27,3.15,0.00%,0.00%,,,,,
Client 146,16%,16.00%,0,,,,"$1,000,000",1,0.21,0.52,0.79,0.20,2.63,1004.36,2.22,2.20,0.00%,0.00%,,,,,
Client 147,15%,15.00%,0,,,,"$1,000,000",0,0.12,0.80,0.88,0.44,1.82,1096.19,1.95,2.32,0.00%,0.00%,,,,,
Client 148,10%,10.00%,0,,,,"$1,000,000",0,0.53,0.58,0.47,0.27,2.12,1061.02,2.51,2.49,0.00%,0.00%,,,,,
Client 149,8%,8.00%,0,,,,"$1,000,000",0,0.74,0.60,0.26,0.27,2.24,971.37,2.89,3.58,0.00%,0.00%,,,,,
Client 150,12%,12.00%,0,,,,"$1,000,000",0,0.53,0.69,0.47,0.35,1.94,1052.90,1.93,2.17,0.00%,0.00%,,,,,
Client 151,8%,8.00%,0,,,,"$1,000,000",0,0.61,0.59,0.39,0.32,1.86,984.31,1.75,2.43,0.00%,0.00%,,,,,
Client 152,9%,9.00%,0,,,,"$1,000,000",0,0.59,0.88,0.41,0.63,1.41,1052.53,1.09,1.61,0.00%,0.00%,,,,,
Client 153,7%,7.00%,0,,,,"$1,000,000",0,0.65,0.53,0.35,0.25,2.13,938.14,1.72,3.58,0.00%,0.00%,,,,,
Client 154,10%,10.00%,0,,,,"$1,000,000",0,0.62,0.71,0.38,0.35,2.05,1002.69,1.69,2.81,0.00%,0.00%,,,,,
Client 155,14%,14.00%,0,,,,"$1,000,000",0,0.40,0.24,0.60,0.14,1.77,917.60,2.23,2.25,0.00%,0.00%,,,,,
Client 156,9%,9.00%,0,,,,"$1,000,000",0,0.76,0.36,0.24,0.20,1.77,930.34,2.04,2.25,0.00%,0.00%,,,,,
Client 157,14%,14.00%,0,,,,"$1,000,000",0,0.18,0.51,0.82,0.22,2.31,980.12,1.55,2.50,0.00%,100.00%,,,,,
Client 158,7%,7.00%,0,,,,"$1,000,000",0,0.74,0.85,0.26,0.50,1.70,864.03,2.32,2.99,0.00%,0.00%,,,,,
Client 159,7%,7.00%,0,,,,"$1,000,000",0,0.53,0.65,0.47,0.32,1.99,1112.74,2.28,2.73,0.00%,0.00%,,,,,
Client 160,10%,10.00%,0,,,,"$1,000,000",0,0.18,0.63,0.82,0.28,2.26,1136.94,1.59,2.44,0.00%,100.00%,,,,,
Client 161,10%,10.00%,0,,,,"$1,000,000",0,0.33,0.44,0.67,0.21,2.05,1043.11,2.65,2.75,0.00%,0.00%,,,,,
Client 162,5%,5.00%,0,,,,"$1,000,000",0,0.68,0.86,0.32,0.45,1.91,974.83,1.81,3.31,0.00%,0.00%,,,,,
Client 163,16%,16.00%,0,,,,"$1,000,000",1,0.11,0.30,0.89,0.14,2.16,918.03,1.53,1.96,0.00%,0.00%,,,,,
Client 164,7%,7.00%,0,,,,"$1,000,000",0,0.61,0.98,0.39,0.51,1.94,1135.89,1.81,3.06,0.00%,0.00%,,,,,
Client 165,9%,9.00%,0,,,,"$1,000,000",0,0.68,0.84,0.32,0.41,2.07,875.31,2.11,2.56,0.00%,0.00%,,,,,
Client 166,5%,5.00%,0,,,,"$1,000,000",0,0.88,0.62,0.12,0.34,1.83,846.13,1.54,2.24,0.00%,0.00%,,,,,
Client 167,9%,9.00%,0,,,,"$1,000,000",1,0.66,0.36,0.34,0.15,2.36,986.71,2.28,2.75,0.00%,0.00%,,,,,
Client 168,15%,15.00%,0,,,,"$1,000,000",1,0.27,0.17,0.73,0.10,1.77,927.00,1.61,1.48,0.00%,0.00%,,,,,
Client 169,6%,6.00%,0,,,,"$1,000,000",0,0.62,0.70,0.38,0.32,2.18,1045.99,2.10,1.81,0.00%,0.00%,,,,,
Client 170,9%,9.00%,0,,,,"$1,000,000",0,0.36,0.24,0.64,0.10,2.45,1080.13,2.85,2.98,0.00%,0.00%,,,,,
Client 171,10%,10.00%,0,,,,"$1,000,000",0,0.67,0.57,0.33,0.28,2.00,890.31,2.59,2.67,0.00%,0.00%,,,,,
Client 172,13%,13.00%,0,,,,"$1,000,000",0,0.58,0.57,0.42,0.30,1.92,1074.99,1.80,2.69,0.00%,0.00%,,,,,
Client 173,6%,6.00%,0,,,,"$1,000,000",0,0.61,0.68,0.39,0.30,2.26,988.39,2.35,2.77,0.00%,0.00%,,,,,
Client 174,8%,8.00%,0,,,,"$1,000,000",0,0.55,0.87,0.45,0.31,2.78,1039.63,1.51,2.84,0.00%,0.00%,,,,,
Client 175,6%,6.00%,0,,,,"$1,000,000",0,0.63,0.49,0.37,0.23,2.15,998.45,2.53,2.47,0.00%,0.00%,,,,,
Client 176,5%,5.00%,0,,,,"$1,000,000",0,0.80,0.76,0.20,0.35,2.19,934.49,2.71,3.28,0.00%,0.00%,,,,,
Client 177,12%,12.00%,0,,,,"$1,000,000",0,0.13,0.63,0.87,0.31,2.04,1035.62,1.50,2.91,0.00%,0.00%,,,,,
Client 178,8%,8.00%,0,,,,"$1,000,000",0,0.59,0.54,0.41,0.38,1.42,887.52,1.68,2.38,0.00%,0.00%,,,,,
Client 179,9%,9.00%,0,,,,"$1,000,000",0,0.20,0.64,0.80,0.28,2.27,1001.68,1.57,3.29,0.00%,0.00%,,,,,
Client 180,14%,14.00%,0,,,,"$1,000,000",0,0.14,0.47,0.86,0.22,2.16,926.30,1.44,2.59,0.00%,0.00%,,,,,
Client 181,12%,12.00%,0,,,,"$1,000,000",1,0.73,0.32,0.27,0.15,2.13,891.77,2.13,2.65,0.00%,0.00%,,,,,
Client 182,11%,11.00%,0,,,,"$1,000,000",0,0.52,0.35,0.48,0.16,2.14,1016.18,2.59,2.63,0.00%,0.00%,,,,,
Client 183,8%,8.00%,0,,,,"$1,000,000",0,0.60,0.61,0.40,0.40,1.52,1062.88,1.60,2.33,0.00%,0.00%,,,,,
Client 184,14%,14.00%,0,,,,"$1,000,000",0,0.24,0.53,0.76,0.24,2.17,991.85,1.81,1.79,0.00%,0.00%,,,,,
Client 185,10%,10.00%,0,,,,"$1,000,000",0,0.58,0.56,0.42,0.26,2.16,910.01,2.18,2.59,0.00%,0.00%,,,,,
Client 186,11%,11.00%,0,,,,"$1,000,000",0,0.45,0.49,0.55,0.24,2.00,978.36,2.44,2.17,0.00%,100.00%,,,,,
Client 187,8%,8.00%,0,,,,"$1,000,000",0,0.37,0.64,0.63,0.28,2.30,1067.73,2.44,2.57,0.00%,0.00%,,,,,
Client 188,9%,9.00%,0,,,,"$1,000,000",1,0.61,0.49,0.39,0.22,2.24,961.60,2.22,2.58,0.00%,0.00%,,,,,
Client 189,13%,13.00%,0,,,,"$1,000,000",0,0.56,0.55,0.44,0.40,1.38,957.65,1.83,1.60,0.00%,0.00%,,,,,
Client 190,11%,11.00%,0,,,,"$1,000,000",0,0.23,0.55,0.77,0.27,2.01,1005.18,1.87,2.42,0.00%,100.00%,,,,,
Client 191,8%,8.00%,0,,,,"$1,000,000",0,0.67,0.67,0.33,0.47,1.41,1114.56,2.16,3.18,0.00%,0.00%,,,,,
Client 192,8%,8.00%,0,,,,"$1,000,000",1,0.60,0.56,0.40,0.25,2.22,1044.04,1.93,2.88,0.00%,0.00%,,,,,
Client 193,9%,9.00%,0,,,,"$1,000,000",1,0.72,0.73,0.28,0.35,2.07,981.19,2.34,2.63,0.00%,0.00%,,,,,
Client 194,7%,7.00%,0,,,,"$1,000,000",0,0.82,0.69,0.18,0.42,1.63,970.01,2.39,2.91,0.00%,0.00%,,,,,
Client 195,9%,9.00%,0,,,,"$1,000,000",0,0.56,0.73,0.44,0.47,1.55,1181.01,1.31,2.36,0.00%,0.00%,,,,,
Client 196,8%,8.00%,0,,,,"$1,000,000",0,0.53,1.17,0.47,0.51,2.30,1088.54,2.12,2.75,0.00%,0.00%,,,,,
Client 197,8%,8.00%,0,,,,"$1,000,000",0,0.52,0.71,0.48,0.45,1.58,1111.05,2.61,2.09,0.00%,100.00%,,,,,
Client 198,15%,15.00%,0,,,,"$1,000,000",0,0.21,0.62,0.79,0.31,1.99,1029.87,2.58,3.26,0.00%,0.00%,,,,,
Client 199,8%,8.00%,0,,,,"$1,000,000",0,0.61,0.54,0.39,0.23,2.34,1253.62,2.80,3.53,0.00%,0.00%,,,,,
Client 200,6%,6.00%,0,,,,"$1,000,000",0,0.60,0.60,0.40,0.33,1.84,994.57,1.84,2.56,0.00%,0.00%,,,,,
Client 201,5%,5.00%,0,,,,"$1,000,000",0,0.64,0.47,0.36,0.18,2.58,1042.73,2.99,2.63,0.00%,0.00%,,,,,
Client 202,11%,11.00%,0,,,,"$1,000,000",0,0.55,0.71,0.45,0.40,1.76,981.16,1.68,1.77,0.00%,0.00%,,,,,
Client 203,13%,13.00%,0,,,,"$1,000,000",0,0.25,0.44,0.75,0.20,2.26,998.48,2.32,2.59,0.00%,0.00%,,,,,
Client 204,13%,13.00%,0,,,,"$1,000,000",0,0.31,0.60,0.69,0.35,1.71,1029.70,1.27,1.09,0.00%,0.00%,,,,,
Client 205,13%,13.00%,0,,,,"$1,000,000",0,0.57,0.65,0.43,0.29,2.23,979.91,1.54,1.77,0.00%,0.00%,,,,,
Client 206,15%,15.00%,0,,,,"$1,000,000",0,0.16,0.70,0.84,0.35,2.02,1147.74,1.63,1.89,0.00%,0.00%,,,,,
Client 207,15%,15.00%,0,,,,"$1,000,000",0,0.12,0.82,0.88,0.49,1.66,1088.05,1.90,1.98,0.00%,0.00%,,,,,
Client 208,10%,10.00%,0,,,,"$1,000,000",0,0.72,0.52,0.28,0.34,1.52,734.66,1.40,1.28,0.00%,0.00%,,,,,
Client 209,15%,15.00%,0,,,,"$1,000,000",1,0.07,0.65,0.93,0.33,1.98,962.92,1.48,2.05,0.00%,0.00%,,,,,
Client 210,8%,8.00%,0,,,,"$1,000,000",0,0.61,0.93,0.39,0.50,1.86,1020.89,2.23,2.17,0.00%,0.00%,,,,,
Client 211,11%,11.00%,0,,,,"$1,000,000",0,0.56,0.75,0.44,0.33,2.24,1129.35,1.90,3.23,0.00%,0.00%,,,,,
Client 212,11%,11.00%,0,,,,"$1,000,000",0,0.61,0.56,0.39,0.32,1.75,1096.27,2.52,2.44,0.00%,0.00%,,,,,
Client 213,11%,11.00%,0,,,,"$1,000,000",0,0.65,0.54,0.35,0.34,1.60,988.10,2.26,2.50,0.00%,0.00%,,,,,
Client 214,6%,6.00%,0,,,,"$1,000,000",0,0.71,0.49,0.29,0.23,2.08,989.83,2.19,2.91,0.00%,0.00%,,,,,
Client 215,7%,7.00%,0,,,,"$1,000,000",0,0.84,0.62,0.16,0.37,1.69,920.44,2.58,3.31,0.00%,0.00%,,,,,
Client 216,9%,9.00%,0,,,,"$1,000,000",0,0.42,0.58,0.58,0.24,2.41,898.10,1.99,3.12,0.00%,0.00%,,,,,
Client 217,11%,11.00%,0,,,,"$1,000,000",0,0.65,0.16,0.35,0.08,2.11,947.33,2.08,2.68,0.00%,0.00%,,,,,
Client 218,10%,10.00%,0,,,,"$1,000,000",0,0.42,0.57,0.58,0.23,2.44,1111.57,2.57,2.95,0.00%,0.00%,,,,,
Client 219,9%,9.00%,0,,,,"$1,000,000",0,0.62,0.51,0.38,0.23,2.22,1030.44,1.85,2.37,0.00%,0.00%,,,,,
Client 220,7%,7.00%,0,,,,"$1,000,000",0,0.59,0.68,0.41,0.39,1.75,1025.77,2.44,2.45,0.00%,0.00%,,,,,
Client 221,10%,10.00%,0,,,,"$1,000,000",0,0.63,0.64,0.37,0.26,2.51,1113.61,2.27,3.29,0.00%,0.00%,,,,,
Client 222,13%,13.00%,0,,,,"$1,000,000",0,0.11,0.82,0.89,0.42,1.94,1032.08,2.16,2.12,0.00%,0.00%,,,,,
Client 223,13%,13.00%,0,,,,"$1,000,000",0,0.07,0.77,0.93,0.40,1.92,1009.86,1.99,2.74,0.00%,0.00%,,,,,
Client 224,11%,11.00%,0,,,,"$1,000,000",0,0.32,0.56,0.68,0.27,2.07,1015.52,1.77,2.77,0.00%,100.00%,,,,,
Client 225,6%,6.00%,0,,,,"$1,000,000",0,0.60,0.52,0.40,0.21,2.50,989.12,2.24,3.11,0.00%,0.00%,,,,,
Client 226,8%,8.00%,0,,,,"$1,000,000",0,0.42,0.58,0.58,0.28,2.10,967.24,2.40,2.14,0.00%,0.00%,,,,,
Client 227,7%,7.00%,0,,,,"$1,000,000",0,0.73,0.36,0.27,0.16,2.32,991.61,2.50,2.68,0.00%,0.00%,,,,,
Client 228,12%,12.00%,0,,,,"$1,000,000",0,0.47,0.89,0.53,0.45,1.99,1087.55,2.03,2.56,0.00%,0.00%,,,,,
Client 229,5%,5.00%,0,,,,"$1,000,000",0,0.68,1.01,0.32,0.43,2.33,1083.52,1.79,2.46,0.00%,0.00%,,,,,
Client 230,14%,14.00%,0,,,,"$1,000,000",0,0.44,0.54,0.56,0.31,1.74,1020.60,2.07,2.00,0.00%,0.00%,,,,,
Client 231,5%,5.00%,0,,,,"$1,000,000",0,0.70,1.01,0.30,0.58,1.76,1029.34,2.04,2.77,0.00%,0.00%,,,,,
Client 232,6%,6.00%,0,,,,"$1,000,000",0,0.64,0.73,0.36,0.31,2.31,923.02,1.83,2.60,0.00%,0.00%,,,,,
Client 233,6%,6.00%,0,,,,"$1,000,000",0,0.65,0.98,0.35,0.50,1.96,1159.30,2.30,2.96,0.00%,0.00%,,,,,
Client 234,8%,8.00%,0,,,,"$1,000,000",0,0.69,0.47,0.31,0.23,2.04,950.88,1.85,2.26,0.00%,100.00%,,,,,
Client 235,8%,8.00%,0,,,,"$1,000,000",0,0.55,0.59,0.45,0.27,2.18,1016.02,2.34,2.18,0.00%,0.00%,,,,,
Client 236,6%,6.00%,0,,,,"$1,000,000",0,0.58,0.60,0.42,0.24,2.52,1063.28,2.21,3.40,0.00%,0.00%,,,,,
Client 237,14%,14.00%,0,,,,"$1,000,000",1,0.40,0.24,0.60,0.14,1.78,863.71,1.91,2.46,0.00%,100.00%,,,,,
Client 238,12%,12.00%,0,,,,"$1,000,000",0,0.63,0.50,0.37,0.24,2.09,930.11,1.69,2.39,0.00%,0.00%,,,,,
Client 239,8%,8.00%,0,,,,"$1,000,000",0,0.61,0.51,0.39,0.23,2.23,969.52,2.67,2.51,0.00%,0.00%,,,,,
Client 240,12%,12.00%,0,,,,"$1,000,000",0,0.51,0.69,0.49,0.30,2.30,922.35,2.26,2.87,0.00%,0.00%,,,,,
Client 241,10%,10.00%,0,,,,"$1,000,000",0,0.61,0.60,0.39,0.25,2.37,1018.96,2.49,2.96,0.00%,0.00%,,,,,
Client 242,14%,14.00%,0,,,,"$1,000,000",0,0.11,0.49,0.89,0.44,1.10,1064.87,2.30,2.32,0.00%,0.00%,,,,,
Client 243,14%,14.00%,0,,,,"$1,000,000",0,0.45,0.59,0.55,0.25,2.39,1041.31,1.77,3.30,0.00%,0.00%,,,,,
Client 244,11%,11.00%,0,,,,"$1,000,000",0,0.14,0.56,0.86,0.26,2.21,951.93,1.96,2.39,0.00%,0.00%,,,,,
Client 245,8%,8.00%,0,,,,"$1,000,000",0,0.80,0.75,0.20,0.53,1.41,1038.76,2.35,1.99,0.00%,0.00%,,,,,
Client 246,9%,9.00%,0,,,,"$1,000,000",0,0.65,0.65,0.35,0.26,2.50,918.44,2.00,3.08,0.00%,0.00%,,,,,
Client 247,13%,13.00%,0,,,,"$1,000,000",0,0.37,0.74,0.63,0.34,2.17,1186.75,2.18,2.43,0.00%,0.00%,,,,,
Client 248,5%,5.00%,0,,,,"$1,000,000",0,0.68,1.02,0.32,0.52,1.94,1055.63,1.91,1.98,0.00%,0.00%,,,,,
Client 249,13%,13.00%,0,,,,"$1,000,000",0,0.54,0.65,0.46,0.28,2.31,936.31,2.33,2.01,0.00%,0.00%,,,,,
Client 250,8%,8.00%,0,,,,"$1,000,000",0,0.47,0.72,0.53,0.48,1.51,1014.38,1.40,2.10,0.00%,0.00%,,,,,
Client 251,8%,8.00%,0,,,,"$1,000,000",0,0.74,0.38,0.26,0.25,1.52,939.37,2.38,1.78,0.00%,0.00%,,,,,
Client 252,10%,10.00%,0,,,,"$1,000,000",0,0.55,0.85,0.45,0.39,2.16,1146.42,1.67,2.93,0.00%,0.00%,,,,,
Client 253,10%,10.00%,0,,,,"$1,000,000",0,0.71,0.31,0.29,0.14,2.30,884.07,2.21,3.05,0.00%,0.00%,,,,,
Client 254,7%,7.00%,0,,,,"$1,000,000",0,0.76,0.75,0.24,0.37,2.04,943.04,1.56,2.53,0.00%,0.00%,,,,,
Client 255,10%,10.00%,0,,,,"$1,000,000",0,0.55,0.72,0.45,0.39,1.86,899.94,1.40,2.16,0.00%,0.00%,,,,,
Client 256,10%,10.00%,0,,,,"$1,000,000",0,0.67,0.48,0.33,0.22,2.18,930.85,1.85,2.18,0.00%,0.00%,,,,,
Client 257,5%,5.00%,0,,,,"$1,000,000",1,0.73,0.34,0.27,0.16,2.07,964.37,2.80,2.81,0.00%,0.00%,,,,,
Client 258,6%,6.00%,0,,,,"$1,000,000",0,0.67,0.86,0.33,0.40,2.12,971.49,2.47,2.94,0.00%,0.00%,,,,,
Client 259,14%,14.00%,0,,,,"$1,000,000",0,0.24,0.71,0.76,0.34,2.08,1111.75,1.43,1.81,0.00%,0.00%,,,,,
Client 260,9%,9.00%,0,,,,"$1,000,000",0,0.69,0.31,0.31,0.13,2.43,887.91,1.74,3.04,0.00%,0.00%,,,,,
Client 261,12%,12.00%,0,,,,"$1,000,000",0,0.27,0.39,0.73,0.19,2.10,959.21,1.50,3.03,0.00%,0.00%,,,,,
Client 262,12%,12.00%,0,,,,"$1,000,000",0,0.11,0.70,0.89,0.43,1.62,1085.68,1.91,2.97,0.00%,0.00%,,,,,
Client 263,5%,5.00%,0,,,,"$1,000,000",0,0.70,0.84,0.30,0.44,1.93,1118.36,2.21,2.95,0.00%,0.00%,,,,,
Client 264,5%,5.00%,0,,,,"$1,000,000",0,0.67,0.47,0.33,0.29,1.60,1035.93,2.39,2.76,0.00%,0.00%,,,,,
Client 265,7%,7.00%,0,,,,"$1,000,000",0,0.85,0.64,0.15,0.40,1.62,999.44,2.59,2.47,0.00%,0.00%,,,,,
Client 266,5%,5.00%,0,,,,"$1,000,000",0,0.65,0.94,0.35,0.47,2.02,1033.26,2.38,2.33,0.00%,0.00%,,,,,
Client 267,11%,11.00%,0,,,,"$1,000,000",0,0.41,0.64,0.59,0.36,1.79,984.20,1.90,2.51,0.00%,0.00%,,,,,
Client 268,5%,5.00%,0,,,,"$1,000,000",0,0.58,1.10,0.42,0.52,2.12,938.20,2.14,2.52,0.00%,0.00%,,,,,
Client 269,9%,9.00%,0,,,,"$1,000,000",0,0.66,0.58,0.34,0.33,1.73,1049.29,1.89,1.74,0.00%,0.00%,,,,,
Client 270,11%,11.00%,0,,,,"$1,000,000",0,0.47,0.18,0.53,0.08,2.11,647.12,1.70,2.59,0.00%,0.00%,,,,,
Client 271,13%,13.00%,0,,,,"$1,000,000",0,0.13,0.55,0.87,0.28,1.95,1009.35,1.52,1.90,0.00%,0.00%,,,,,
Client 272,9%,9.00%,0,,,,"$1,000,000",0,0.73,0.50,0.27,0.33,1.51,826.97,1.74,2.30,0.00%,100.00%,,,,,
Client 273,12%,12.00%,0,,,,"$1,000,000",0,0.64,0.42,0.36,0.23,1.82,839.53,2.07,2.38,0.00%,0.00%,,,,,
Client 274,11%,11.00%,0,,,,"$1,000,000",1,0.57,0.36,0.43,0.18,1.99,914.39,1.70,2.33,0.00%,0.00%,,,,,
Client 275,5%,5.00%,0,,,,"$1,000,000",0,0.69,0.73,0.31,0.52,1.41,978.79,1.78,1.79,0.00%,0.00%,,,,,
Client 276,5%,5.00%,0,,,,"$1,000,000",0,0.69,1.12,0.31,0.46,2.41,1191.76,2.74,3.56,0.00%,0.00%,,,,,
Client 277,6%,6.00%,0,,,,"$1,000,000",0,0.67,0.89,0.33,0.34,2.65,1172.76,2.30,2.90,0.00%,0.00%,,,,,
Client 278,12%,12.00%,0,,,,"$1,000,000",0,0.69,0.32,0.31,0.18,1.84,972.52,2.00,3.24,0.00%,0.00%,,,,,
Client 279,5%,5.00%,0,,,,"$1,000,000",0,0.60,1.02,0.40,0.58,1.78,1051.45,1.72,2.20,0.00%,0.00%,,,,,
Client 280,10%,10.00%,0,,,,"$1,000,000",0,0.56,0.67,0.44,0.37,1.79,976.53,1.40,1.92,0.00%,0.00%,,,,,
Client 281,14%,14.00%,0,,,,"$1,000,000",0,0.24,0.52,0.76,0.29,1.78,1014.43,1.85,1.98,0.00%,100.00%,,,,,
Client 282,11%,11.00%,0,,,,"$1,000,000",0,0.52,0.23,0.48,0.15,1.57,874.08,1.58,1.99,0.00%,0.00%,,,,,
Client 283,5%,5.00%,0,,,,"$1,000,000",0,0.63,1.05,0.37,0.48,2.17,910.66,1.15,2.00,0.00%,0.00%,,,,,
Client 284,6%,6.00%,0,,,,"$1,000,000",0,0.59,1.06,0.41,0.56,1.88,1062.40,2.16,3.18,0.00%,0.00%,,,,,
Client 285,6%,6.00%,0,,,,"$1,000,000",0,0.71,0.44,0.29,0.23,1.95,951.89,1.78,2.46,0.00%,0.00%,,,,,
Client 286,10%,10.00%,0,,,,"$1,000,000",0,0.59,0.66,0.41,0.33,2.03,867.11,1.54,1.47,0.00%,0.00%,,,,,
Client 287,5%,5.00%,0,,,,"$1,000,000",0,0.69,0.52,0.31,0.35,1.47,959.53,1.37,1.85,0.00%,0.00%,,,,,
Client 288,12%,12.00%,0,,,,"$1,000,000",0,0.45,0.11,0.55,0.06,1.90,817.79,1.98,2.91,0.00%,0.00%,,,,,
Client 289,9%,9.00%,0,,,,"$1,000,000",0,0.66,0.61,0.34,0.34,1.81,871.82,1.98,1.87,0.00%,0.00%,,,,,
Client 290,8%,8.00%,0,,,,"$1,000,000",0,0.67,0.87,0.33,0.40,2.16,986.45,2.51,3.56,0.00%,0.00%,,,,,
Client 291,8%,8.00%,0,,,,"$1,000,000",0,0.50,0.48,0.50,0.26,1.81,979.17,1.87,2.06,0.00%,0.00%,,,,,
Client 292,9%,9.00%,0,,,,"$1,000,000",0,0.60,1.01,0.40,0.59,1.71,1140.85,1.54,2.14,0.00%,0.00%,,,,,
Client 293,5%,5.00%,0,,,,"$1,000,000",0,0.62,0.62,0.38,0.34,1.82,998.59,1.88,2.59,0.00%,0.00%,,,,,
Client 294,5%,5.00%,0,,,,"$1,000,000",0,0.63,0.76,0.37,0.56,1.35,1208.85,1.74,2.21,0.00%,0.00%,,,,,
Client 295,5%,5.00%,0,,,,"$1,000,000",0,0.76,0.94,0.24,0.55,1.73,1061.61,2.28,2.43,0.00%,0.00%,,,,,
Client 296,10%,10.00%,0,,,,"$1,000,000",0,0.54,0.71,0.46,0.31,2.28,1073.48,2.21,3.07,0.00%,0.00%,,,,,
Client 297,11%,11.00%,0,,,,"$1,000,000",0,0.49,0.38,0.51,0.17,2.25,1109.28,2.13,3.03,0.00%,0.00%,,,,,
Client 298,12%,12.00%,0,,,,"$1,000,000",0,0.57,0.71,0.43,0.41,1.74,929.22,1.45,1.71,0.00%,0.00%,,,,,
Client 299,10%,10.00%,0,,,,"$1,000,000",0,0.68,0.55,0.32,0.30,1.86,867.62,2.07,2.54,0.00%,0.00%,,,,,
Client 300,8%,8.00%,0,,,,"$1,000,000",0,0.61,0.68,0.39,0.30,2.27,1131.12,2.37,3.16,0.00%,0.00%,,,,,
Client 301,8%,8.00%,0,,,,"$1,000,000",0,0.68,0.89,0.32,0.58,1.53,1202.27,2.42,2.38,0.00%,0.00%,,,,,
Client 302,5%,5.00%,0,,,,"$1,000,000",0,0.74,0.76,0.26,0.43,1.75,1004.62,2.41,3.04,0.00%,0.00%,,,,,
Client 303,12%,12.00%,0,,,,"$1,000,000",0,0.33,0.51,0.67,0.26,1.97,1019.46,2.08,2.79,0.00%,0.00%,,,,,
Client 304,5%,5.00%,0,,,,"$1,000,000",1,0.64,0.50,0.36,0.49,1.03,846.32,1.35,1.61,0.00%,0.00%,,,,,
Client 305,10%,10.00%,0,,,,"$1,000,000",0,0.60,0.63,0.40,0.34,1.85,1061.30,1.68,2.46,0.00%,0.00%,,,,,
Client 306,8%,8.00%,0,,,,"$1,000,000",0,0.64,0.64,0.36,0.31,2.05,996.52,2.17,2.78,0.00%,0.00%,,,,,
Client 307,11%,11.00%,0,,,,"$1,000,000",0,0.64,0.46,0.36,0.25,1.85,1050.47,2.28,3.16,0.00%,0.00%,,,,,
Client 308,7%,7.00%,0,,,,"$1,000,000",1,0.64,0.70,0.36,0.36,1.92,1157.66,1.64,2.80,0.00%,0.00%,,,,,
Client 309,10%,10.00%,0,,,,"$1,000,000",0,0.32,0.14,0.68,0.05,2.55,1115.12,2.01,2.31,0.00%,0.00%,,,,,
Client 310,11%,11.00%,0,,,,"$1,000,000",0,0.60,0.60,0.40,0.28,2.14,1111.10,1.87,2.04,0.00%,0.00%,,,,,
Client 311,9%,9.00%,0,,,,"$1,000,000",0,0.57,0.57,0.43,0.35,1.65,1080.77,1.90,2.29,0.00%,0.00%,,,,,
Client 312,15%,15.00%,0,,,,"$1,000,000",0,0.26,0.44,0.74,0.25,1.76,1102.53,2.25,2.88,0.00%,0.00%,,,,,
Client 313,13%,13.00%,0,,,,"$1,000,000",0,0.45,0.43,0.55,0.16,2.62,999.67,2.47,3.02,0.00%,0.00%,,,,,
Client 314,13%,13.00%,0,,,,"$1,000,000",0,0.27,0.62,0.73,0.39,1.59,791.67,1.09,1.45,0.00%,0.00%,,,,,
Client 315,6%,6.00%,0,,,,"$1,000,000",0,0.80,0.54,0.20,0.25,2.11,857.49,3.08,3.15,0.00%,0.00%,,,,,
Client 316,14%,14.00%,0,,,,"$1,000,000",0,0.14,0.57,0.86,0.29,1.98,1240.57,2.31,3.15,0.00%,0.00%,,,,,
Client 317,5%,5.00%,0,,,,"$1,000,000",0,0.81,0.52,0.19,0.38,1.37,791.55,1.73,2.83,0.00%,0.00%,,,,,
Client 318,8%,8.00%,0,,,,"$1,000,000",1,0.69,0.50,0.31,0.22,2.28,993.72,2.45,2.74,0.00%,0.00%,,,,,
Client 319,11%,11.00%,0,,,,"$1,000,000",0,0.27,0.70,0.73,0.42,1.69,1178.87,1.52,1.57,0.00%,0.00%,,,,,
Client 320,13%,13.00%,0,,,,"$1,000,000",0,0.67,0.48,0.33,0.22,2.24,934.23,1.50,2.44,0.00%,0.00%,,,,,
Client 321,6%,6.00%,0,,,,"$1,000,000",0,0.64,1.14,0.36,0.52,2.21,915.36,1.56,2.38,0.00%,0.00%,,,,,
Client 322,6%,6.00%,0,,,,"$1,000,000",0,0.67,0.43,0.33,0.23,1.88,949.73,2.81,3.03,0.00%,0.00%,,,,,
Client 323,13%,13.00%,0,,,,"$1,000,000",1,0.14,0.67,0.86,0.30,2.25,1133.25,1.97,2.08,0.00%,0.00%,,,,,
Client 324,8%,8.00%,0,,,,"$1,000,000",0,0.70,0.42,0.30,0.20,2.16,994.65,2.56,3.19,0.00%,0.00%,,,,,
Client 325,5%,5.00%,0,,,,"$1,000,000",0,0.80,0.30,0.20,0.19,1.55,761.68,2.21,2.15,0.00%,0.00%,,,,,
Client 326,15%,15.00%,0,,,,"$1,000,000",1,0.18,0.66,0.82,0.41,1.61,990.32,1.61,1.43,0.00%,0.00%,,,,,
Client 327,8%,8.00%,0,,,,"$1,000,000",0,0.73,0.30,0.27,0.14,2.07,955.01,2.46,3.05,0.00%,100.00%,,,,,
Client 328,5%,5.00%,0,,,,"$1,000,000",0,0.58,1.35,0.42,0.57,2.37,1003.51,2.06,3.30,0.00%,0.00%,,,,,
Client 329,10%,10.00%,0,,,,"$1,000,000",0,0.54,0.33,0.46,0.17,1.93,1083.94,2.52,3.21,0.00%,0.00%,,,,,
Client 330,7%,7.00%,0,,,,"$1,000,000",0,0.67,0.40,0.33,0.21,1.90,997.85,2.05,3.09,0.00%,0.00%,,,,,
Client 331,9%,9.00%,0,,,,"$1,000,000",0,0.62,0.62,0.38,0.38,1.62,1020.42,2.13,1.98,0.00%,0.00%,,,,,
Client 332,8%,8.00%,0,,,,"$1,000,000",0,0.52,0.89,0.48,0.42,2.12,1107.46,2.02,2.73,0.00%,0.00%,,,,,
Client 333,11%,11.00%,0,,,,"$1,000,000",0,0.10,0.65,0.90,0.49,1.33,1025.48,1.80,1.26,0.00%,0.00%,,,,,
Client 334,15%,15.00%,0,,,,"$1,000,000",0,0.19,0.73,0.81,0.37,1.96,1067.00,1.94,2.09,0.00%,0.00%,,,,,
Client 335,10%,10.00%,0,,,,"$1,000,000",0,0.32,0.57,0.68,0.29,2.00,870.39,1.58,2.44,0.00%,0.00%,,,,,
Client 336,9%,9.00%,0,,,,"$1,000,000",1,0.29,0.42,0.71,0.19,2.22,1107.78,1.96,2.25,0.00%,0.00%,,,,,
Client 337,13%,13.00%,0,,,,"$1,000,000",0,0.14,0.55,0.86,0.34,1.58,1082.78,2.17,2.00,0.00%,0.00%,,,,,
Client 338,6%,6.00%,0,,,,"$1,000,000",0,0.68,0.89,0.32,0.45,1.98,960.89,2.05,2.21,0.00%,0.00%,,,,,
Client 339,14%,14.00%,0,,,,"$1,000,000",0,0.44,0.66,0.56,0.35,1.88,836.62,0.94,2.12,0.00%,0.00%,,,,,
Client 340,8%,8.00%,0,,,,"$1,000,000",0,0.51,1.39,0.49,0.60,2.30,1109.99,1.31,2.54,0.00%,0.00%,,,,,
Client 341,7%,7.00%,0,,,,"$1,000,000",0,0.65,1.17,0.35,0.62,1.88,1081.74,2.41,2.57,0.00%,0.00%,,,,,
Client 342,8%,8.00%,0,,,,"$1,000,000",0,0.60,0.75,0.40,0.34,2.20,1094.35,2.19,2.66,0.00%,0.00%,,,,,
Client 343,7%,7.00%,0,,,,"$1,000,000",0,0.72,0.88,0.28,0.49,1.79,948.25,2.36,2.37,0.00%,0.00%,,,,,
Client 344,7%,7.00%,0,,,,"$1,000,000",0,0.51,0.81,0.49,0.40,2.01,1107.89,2.09,1.98,0.00%,100.00%,,,,,
Client 345,11%,11.00%,0,,,,"$1,000,000",0,0.65,0.60,0.35,0.27,2.22,1018.30,2.03,3.25,0.00%,0.00%,,,,,
Client 346,8%,8.00%,0,,,,"$1,000,000",0,0.85,0.06,0.15,0.03,2.09,885.73,1.97,2.76,0.00%,0.00%,,,,,
Client 347,11%,11.00%,0,,,,"$1,000,000",0,0.11,0.78,0.89,0.29,2.73,1121.10,1.79,2.73,0.00%,100.00%,,,,,
Client 348,13%,13.00%,0,,,,"$1,000,000",0,0.07,0.28,0.93,0.11,2.49,952.11,1.63,2.60,0.00%,0.00%,,,,,
Client 349,8%,8.00%,0,,,,"$1,000,000",0,0.65,0.51,0.35,0.24,2.15,964.96,1.82,3.13,0.00%,100.00%,,,,,
Client 350,6%,6.00%,0,,,,"$1,000,000",0,0.63,0.73,0.37,0.35,2.12,909.78,1.41,2.80,0.00%,0.00%,,,,,
Client 351,9%,9.00%,0,,,,"$1,000,000",0,0.81,0.60,0.19,0.34,1.74,1008.36,2.23,3.06,0.00%,0.00%,,,,,
Client 352,11%,11.00%,0,,,,"$1,000,000",0,0.13,0.84,0.87,0.46,1.82,969.85,1.48,1.79,0.00%,0.00%,,,,,
Client 353,11%,11.00%,0,,,,"$1,000,000",0,0.33,0.04,0.67,0.01,2.94,911.75,2.43,2.83,0.00%,0.00%,,,,,
Client 354,5%,5.00%,0,,,,"$1,000,000",0,0.63,0.97,0.37,0.48,2.02,951.90,1.69,2.94,0.00%,0.00%,,,,,
Client 355,12%,12.00%,0,,,,"$1,000,000",0,0.76,0.24,0.24,0.12,1.97,745.85,1.76,2.64,0.00%,0.00%,,,,,
Client 356,5%,5.00%,0,,,,"$1,000,000",0,0.72,0.94,0.28,0.59,1.60,976.00,1.89,2.73,0.00%,0.00%,,,,,
Client 357,10%,10.00%,0,,,,"$1,000,000",0,0.22,0.73,0.78,0.33,2.21,993.54,1.86,2.17,0.00%,100.00%,,,,,
Client 358,6%,6.00%,0,,,,"$1,000,000",0,0.61,0.58,0.39,0.30,1.93,1085.17,1.97,2.30,0.00%,0.00%,,,,,
Client 359,8%,8.00%,0,,,,"$1,000,000",0,0.52,0.75,0.48,0.45,1.67,1061.95,1.97,1.57,0.00%,100.00%,,,,,
Client 360,15%,15.00%,0,,,,"$1,000,000",0,0.31,0.38,0.69,0.20,1.95,889.43,1.89,2.70,0.00%,100.00%,,,,,
Client 361,13%,13.00%,0,,,,"$1,000,000",0,0.66,0.30,0.34,0.14,2.14,994.67,2.55,3.43,0.00%,0.00%,,,,,
Client 362,7%,7.00%,0,,,,"$1,000,000",0,0.64,0.69,0.36,0.37,1.87,914.66,1.78,2.29,0.00%,0.00%,,,,,
Client 363,7%,7.00%,0,,,,"$1,000,000",0,0.58,1.07,0.42,0.65,1.65,1104.58,1.89,2.16,0.00%,0.00%,,,,,
Client 364,6%,6.00%,0,,,,"$1,000,000",0,0.54,1.20,0.46,0.50,2.38,1124.84,2.19,2.84,0.00%,0.00%,,,,,
Client 365,5%,5.00%,0,,,,"$1,000,000",0,0.85,0.56,0.15,0.41,1.37,707.55,2.03,2.15,0.00%,0.00%,,,,,
Client 366,5%,5.00%,0,,,,"$1,000,000",0,0.66,0.63,0.34,0.34,1.88,975.81,1.74,2.27,0.00%,0.00%,,,,,
Client 367,9%,9.00%,0,,,,"$1,000,000",0,0.60,0.57,0.40,0.27,2.10,1080.93,2.45,2.70,0.00%,0.00%,,,,,
Client 368,8%,8.00%,0,,,,"$1,000,000",0,0.70,0.53,0.30,0.26,2.02,946.89,1.76,2.76,0.00%,0.00%,,,,,
Client 369,11%,11.00%,0,,,,"$1,000,000",0,0.61,0.61,0.39,0.32,1.94,911.76,2.02,2.78,0.00%,0.00%,,,,,
Client 370,10%,10.00%,0,,,,"$1,000,000",0,0.42,1.39,0.58,0.65,2.12,1206.94,1.78,2.26,0.00%,0.00%,,,,,
Client 371,14%,14.00%,0,,,,"$1,000,000",1,0.18,0.43,0.82,0.17,2.48,938.18,1.82,2.26,0.00%,100.00%,,,,,
Client 372,7%,7.00%,0,,,,"$1,000,000",0,0.56,0.78,0.44,0.35,2.25,951.71,1.82,2.82,0.00%,0.00%,,,,,
Client 373,9%,9.00%,0,,,,"$1,000,000",0,0.60,0.70,0.40,0.33,2.10,963.25,1.78,2.07,0.00%,0.00%,,,,,
Client 374,10%,10.00%,0,,,,"$1,000,000",0,0.19,0.52,0.81,0.22,2.43,1004.19,1.30,2.63,0.00%,0.00%,,,,,
Client 375,8%,8.00%,0,,,,"$1,000,000",0,0.80,0.87,0.20,0.40,2.18,1117.77,2.62,3.25,0.00%,0.00%,,,,,
Client 376,5%,5.00%,0,,,,"$1,000,000",0,0.58,0.67,0.42,0.33,2.05,1049.59,2.29,2.43,0.00%,0.00%,,,,,
Client 377,15%,15.00%,0,,,,"$1,000,000",0,0.13,0.54,0.87,0.25,2.21,1043.77,2.02,2.41,0.00%,100.00%,,,,,
Client 378,9%,9.00%,0,,,,"$1,000,000",0,0.62,0.61,0.38,0.29,2.09,1036.27,2.06,2.72,0.00%,0.00%,,,,,
Client 379,9%,9.00%,0,,,,"$1,000,000",0,0.46,0.41,0.54,0.18,2.26,1049.98,2.62,2.55,0.00%,0.00%,,,,,
Client 380,6%,6.00%,0,,,,"$1,000,000",0,0.71,0.37,0.29,0.20,1.90,804.55,2.06,1.30,0.00%,0.00%,,,,,
Client 381,12%,12.00%,0,,,,"$1,000,000",0,0.65,0.53,0.35,0.31,1.67,912.05,1.40,2.33,0.00%,0.00%,,,,,
Client 382,11%,11.00%,0,,,,"$1,000,000",0,0.55,0.68,0.45,0.36,1.88,1016.07,1.75,2.71,0.00%,0.00%,,,,,
Client 383,9%,9.00%,0,,,,"$1,000,000",0,0.60,0.32,0.40,0.17,1.81,847.89,1.59,2.42,0.00%,0.00%,,,,,
Client 384,12%,12.00%,0,,,,"$1,000,000",0,0.52,0.15,0.48,0.08,1.75,884.02,2.32,2.28,0.00%,0.00%,,,,,
Client 385,5%,5.00%,0,,,,"$1,000,000",0,0.68,0.52,0.32,0.22,2.33,954.53,1.92,3.36,0.00%,0.00%,,,,,
Client 386,5%,5.00%,0,,,,"$1,000,000",0,0.82,0.57,0.18,0.26,2.14,924.74,2.88,3.09,0.00%,0.00%,,,,,
Client 387,11%,11.00%,0,,,,"$1,000,000",0,0.60,0.55,0.40,0.35,1.56,988.37,1.98,2.44,0.00%,0.00%,,,,,
Client 388,5%,5.00%,0,,,,"$1,000,000",0,0.67,0.89,0.33,0.46,1.93,1041.29,2.23,1.52,0.00%,0.00%,,,,,
Client 389,7%,7.00%,0,,,,"$1,000,000",0,0.59,0.55,0.41,0.28,1.98,943.96,2.27,2.11,0.00%,0.00%,,,,,
Client 390,13%,13.00%,0,,,,"$1,000,000",0,0.55,0.34,0.45,0.15,2.21,876.00,2.44,2.62,0.00%,0.00%,,,,,
Client 391,8%,8.00%,0,,,,"$1,000,000",0,0.37,0.75,0.63,0.30,2.51,919.66,1.85,2.82,0.00%,0.00%,,,,,
Client 392,6%,6.00%,0,,,,"$1,000,000",0,0.63,0.49,0.37,0.29,1.69,1137.87,1.86,2.07,0.00%,0.00%,,,,,
Client 393,8%,8.00%,0,,,,"$1,000,000",0,0.67,0.48,0.33,0.28,1.71,959.26,1.36,2.33,0.00%,0.00%,,,,,
Client 394,13%,13.00%,0,,,,"$1,000,000",0,0.46,0.53,0.54,0.29,1.85,928.00,1.69,2.63,0.00%,0.00%,,,,,
Client 395,10%,10.00%,0,,,,"$1,000,000",0,0.64,0.51,0.36,0.21,2.47,903.37,2.54,2.97,0.00%,0.00%,,,,,
Client 396,7%,7.00%,0,,,,"$1,000,000",0,0.64,1.31,0.36,0.69,1.90,997.10,1.78,2.14,0.00%,0.00%,,,,,
Client 397,9%,9.00%,0,,,,"$1,000,000",0,0.72,0.49,0.28,0.29,1.70,970.52,1.67,2.66,0.00%,0.00%,,,,,
Client 398,6%,6.00%,0,,,,"$1,000,000",0,0.81,0.72,0.19,0.41,1.76,942.92,1.79,2.94,0.00%,0.00%,,,,,
Client 399,9%,9.00%,0,,,,"$1,000,000",0,0.64,0.58,0.36,0.30,1.96,951.32,1.18,1.74,0.00%,100.00%,,,,,
Client 400,6%,6.00%,0,,,,"$1,000,000",0,0.52,0.87,0.48,0.45,1.94,1060.31,2.14,2.73,0.00%,0.00%,,,,,
Client 401,5%,5.00%,0,,,,"$1,000,000",0,0.65,0.86,0.35,0.40,2.16,995.04,2.43,3.32,0.00%,0.00%,,,,,
Client 402,9%,9.00%,0,,,,"$1,000,000",0,0.64,0.59,0.36,0.32,1.86,1140.07,1.96,2.83,0.00%,0.00%,,,,,
Client 403,8%,8.00%,0,,,,"$1,000,000",0,0.68,0.79,0.32,0.54,1.46,974.30,1.50,2.65,0.00%,0.00%,,,,,
Client 404,9%,9.00%,0,,,,"$1,000,000",0,0.68,0.28,0.32,0.12,2.23,860.42,2.42,3.05,0.00%,0.00%,,,,,
Client 405,8%,8.00%,0,,,,"$1,000,000",0,0.71,0.80,0.29,0.37,2.17,1002.12,2.58,3.33,0.00%,0.00%,,,,,
Client 406,13%,13.00%,0,,,,"$1,000,000",0,0.27,0.51,0.73,0.26,1.99,1080.29,2.01,2.53,0.00%,0.00%,,,,,
Client 407,8%,8.00%,0,,,,"$1,000,000",0,0.58,0.61,0.42,0.29,2.08,1162.97,1.94,2.28,0.00%,0.00%,,,,,
Client 408,9%,9.00%,0,,,,"$1,000,000",0,0.67,0.55,0.33,0.28,1.98,853.42,2.21,2.69,0.00%,0.00%,,,,,
Client 409,9%,9.00%,0,,,,"$1,000,000",0,0.56,0.37,0.44,0.25,1.48,947.32,1.82,1.96,0.00%,0.00%,,,,,
Client 410,5%,5.00%,0,,,,"$1,000,000",0,0.82,0.70,0.18,0.43,1.61,1013.55,2.81,2.81,0.00%,0.00%,,,,,
Client 411,10%,10.00%,0,,,,"$1,000,000",1,0.18,0.52,0.82,0.26,2.04,985.51,2.42,2.96,0.00%,0.00%,,,,,
Client 412,8%,8.00%,0,,,,"$1,000,000",0,0.62,0.47,0.38,0.21,2.31,918.55,2.45,2.13,0.00%,0.00%,,,,,
Client 413,5%,5.00%,0,,,,"$1,000,000",0,0.69,0.95,0.31,0.56,1.69,1034.08,2.86,2.53,0.00%,0.00%,,,,,
Client 414,9%,9.00%,0,,,,"$1,000,000",0,0.11,1.06,0.89,0.48,2.19,1136.01,1.51,2.90,0.00%,100.00%,,,,,
Client 415,6%,6.00%,0,,,,"$1,000,000",1,0.53,0.81,0.47,0.43,1.89,1065.03,1.65,2.14,0.00%,0.00%,,,,,
Client 416,10%,10.00%,0,,,,"$1,000,000",0,0.37,0.68,0.63,0.57,1.18,978.89,2.09,2.19,0.00%,100.00%,,,,,
Client 417,5%,5.00%,0,,,,"$1,000,000",0,0.64,0.90,0.36,0.58,1.55,959.15,1.92,2.01,0.00%,100.00%,,,,,
Client 418,11%,11.00%,0,,,,"$1,000,000",1,0.52,0.44,0.48,0.25,1.78,976.07,1.26,1.59,0.00%,0.00%,,,,,
Client 419,5%,5.00%,0,,,,"$1,000,000",0,0.67,0.84,0.33,0.47,1.77,1046.43,2.29,3.17,0.00%,0.00%,,,,,
Client 420,7%,7.00%,0,,,,"$1,000,000",0,0.61,0.98,0.39,0.46,2.14,1026.83,1.97,2.78,0.00%,0.00%,,,,,
Client 421,11%,11.00%,0,,,,"$1,000,000",0,0.14,0.72,0.86,0.32,2.24,1068.32,2.10,2.58,0.00%,0.00%,,,,,
Client 422,14%,14.00%,0,,,,"$1,000,000",0,0.11,0.71,0.89,0.46,1.52,1063.95,1.14,1.13,0.00%,0.00%,,,,,
Client 423,10%,10.00%,0,,,,"$1,000,000",0,0.54,0.71,0.46,0.42,1.71,871.39,1.66,2.22,0.00%,0.00%,,,,,
Client 424,6%,6.00%,0,,,,"$1,000,000",0,0.63,1.05,0.37,0.50,2.09,971.58,1.55,2.65,0.00%,0.00%,,,,,
Client 425,8%,8.00%,0,,,,"$1,000,000",0,0.71,0.29,0.29,0.17,1.75,845.13,2.36,3.09,0.00%,100.00%,,,,,
Client 426,5%,5.00%,0,,,,"$1,000,000",0,0.61,1.02,0.39,0.45,2.29,1197.64,2.87,3.15,0.00%,0.00%,,,,,
Client 427,9%,9.00%,0,,,,"$1,000,000",0,0.34,0.43,0.66,0.19,2.31,908.61,1.98,2.71,0.00%,0.00%,,,,,
Client 428,7%,7.00%,0,,,,"$1,000,000",0,0.76,0.38,0.24,0.23,1.64,1007.95,1.77,1.81,0.00%,0.00%,,,,,
Client 429,7%,7.00%,0,,,,"$1,000,000",0,0.80,0.41,0.20,0.22,1.86,964.65,1.38,2.79,0.00%,0.00%,,,,,
Client 430,5%,5.00%,0,,,,"$1,000,000",0,0.73,0.83,0.27,0.38,2.15,976.57,2.37,3.36,0.00%,0.00%,,,,,
Client 431,15%,15.00%,0,,,,"$1,000,000",1,0.22,0.52,0.78,0.26,2.02,956.25,1.47,2.08,0.00%,0.00%,,,,,
Client 432,7%,7.00%,0,,,,"$1,000,000",0,0.70,0.88,0.30,0.56,1.57,881.62,1.79,1.77,0.00%,0.00%,,,,,
Client 433,9%,9.00%,0,,,,"$1,000,000",0,0.71,0.31,0.29,0.16,1.88,916.51,1.85,2.25,0.00%,0.00%,,,,,
Client 434,10%,10.00%,0,,,,"$1,000,000",0,0.17,0.63,0.83,0.37,1.67,946.06,0.85,1.55,0.00%,0.00%,,,,,
Client 435,7%,7.00%,0,,,,"$1,000,000",0,0.62,0.73,0.38,0.37,1.97,892.87,1.91,2.22,0.00%,0.00%,,,,,
Client 436,8%,8.00%,0,,,,"$1,000,000",0,0.52,0.62,0.48,0.27,2.30,1034.56,2.48,3.97,0.00%,0.00%,,,,,
Client 437,10%,10.00%,0,,,,"$1,000,000",0,0.54,0.77,0.46,0.35,2.22,1121.42,2.30,3.63,0.00%,0.00%,,,,,
Client 438,6%,6.00%,0,,,,"$1,000,000",0,0.52,0.78,0.48,0.33,2.39,1025.24,1.75,2.19,0.00%,0.00%,,,,,
Client 439,11%,11.00%,0,,,,"$1,000,000",0,0.31,0.32,0.69,0.16,2.08,994.43,1.99,2.28,0.00%,0.00%,,,,,
Client 440,8%,8.00%,0,,,,"$1,000,000",0,0.56,0.64,0.44,0.30,2.16,1038.29,2.40,1.98,0.00%,0.00%,,,,,
Client 441,5%,5.00%,0,,,,"$1,000,000",0,0.67,0.93,0.33,0.59,1.59,1211.03,3.21,3.07,0.00%,0.00%,,,,,
Client 442,10%,10.00%,0,,,,"$1,000,000",1,0.26,0.48,0.74,0.22,2.19,1101.85,2.48,2.11,0.00%,0.00%,,,,,
Client 443,15%,15.00%,0,,,,"$1,000,000",0,0.36,0.33,0.64,0.17,1.98,851.10,1.25,2.83,0.00%,0.00%,,,,,
Client 444,8%,8.00%,0,,,,"$1,000,000",0,0.64,0.62,0.36,0.30,2.04,986.98,1.97,2.96,0.00%,0.00%,,,,,
Client 445,8%,8.00%,0,,,,"$1,000,000",0,0.65,0.54,0.35,0.24,2.28,964.88,2.18,3.32,0.00%,0.00%,,,,,
Client 446,5%,5.00%,0,,,,"$1,000,000",0,0.57,1.11,0.43,0.58,1.93,1024.80,1.86,2.28,0.00%,0.00%,,,,,
Client 447,8%,8.00%,0,,,,"$1,000,000",0,0.67,0.52,0.33,0.24,2.16,985.80,2.77,3.05,0.00%,0.00%,,,,,
Client 448,9%,9.00%,0,,,,"$1,000,000",1,0.28,0.42,0.72,0.17,2.53,1053.00,1.99,2.65,0.00%,0.00%,,,,,
Client 449,5%,5.00%,0,,,,"$1,000,000",0,0.70,0.76,0.30,0.42,1.80,1220.75,1.89,2.19,0.00%,0.00%,,,,,
Client 450,9%,9.00%,0,,,,"$1,000,000",0,0.59,0.58,0.41,0.25,2.28,1035.02,1.92,2.63,0.00%,0.00%,,,,,
Client 451,12%,12.00%,0,,,,"$1,000,000",0,0.50,0.16,0.50,0.08,2.06,799.65,1.86,2.37,0.00%,0.00%,,,,,
Client 452,5%,5.00%,0,,,,"$1,000,000",0,0.74,0.80,0.26,0.43,1.85,936.41,1.82,2.53,0.00%,0.00%,,,,,
Client 453,5%,5.00%,0,,,,"$1,000,000",0,0.64,0.56,0.36,0.28,1.98,1048.16,1.77,2.77,0.00%,0.00%,,,,,
Client 454,14%,14.00%,0,,,,"$1,000,000",1,0.13,0.68,0.87,0.34,2.02,968.42,1.47,2.20,0.00%,0.00%,,,,,
Client 455,14%,14.00%,0,,,,"$1,000,000",0,0.49,0.49,0.51,0.20,2.44,987.83,1.47,2.49,0.00%,0.00%,,,,,
Client 456,10%,10.00%,0,,,,"$1,000,000",0,0.54,0.68,0.46,0.39,1.75,1092.43,1.35,2.27,0.00%,0.00%,,,,,
Client 457,16%,16.00%,0,,,,"$1,000,000",0,0.07,0.66,0.93,0.33,2.03,1043.02,1.62,2.48,0.00%,0.00%,,,,,
Client 458,9%,9.00%,0,,,,"$1,000,000",0,0.67,0.85,0.33,0.46,1.86,1052.04,2.03,2.98,0.00%,0.00%,,,,,
Client 459,10%,10.00%,0,,,,"$1,000,000",0,0.70,0.38,0.30,0.17,2.29,884.86,1.76,3.31,0.00%,0.00%,,,,,
Client 460,5%,5.00%,0,,,,"$1,000,000",0,0.65,0.86,0.35,0.59,1.47,995.67,1.70,1.38,0.00%,0.00%,,,,,
Client 461,14%,14.00%,0,,,,"$1,000,000",0,0.48,0.52,0.52,0.26,2.01,857.59,1.52,1.85,0.00%,100.00%,,,,,
Client 462,8%,8.00%,0,,,,"$1,000,000",0,0.62,0.58,0.38,0.30,1.92,1004.72,1.93,2.48,0.00%,0.00%,,,,,
Client 463,7%,7.00%,0,,,,"$1,000,000",0,0.62,0.49,0.38,0.22,2.21,1064.57,2.19,3.22,0.00%,0.00%,,,,,
Client 464,15%,15.00%,0,,,,"$1,000,000",0,0.34,0.15,0.66,0.06,2.67,992.12,1.75,2.43,0.00%,0.00%,,,,,
Client 465,7%,7.00%,0,,,,"$1,000,000",0,0.20,1.42,0.80,0.60,2.35,1315.45,2.42,2.42,0.00%,0.00%,,,,,
Client 466,9%,9.00%,0,,,,"$1,000,000",0,0.65,0.65,0.35,0.30,2.18,957.56,1.98,3.39,0.00%,100.00%,,,,,
Client 467,11%,11.00%,0,,,,"$1,000,000",0,0.65,0.45,0.35,0.19,2.41,979.92,1.55,2.50,0.00%,0.00%,,,,,
Client 468,14%,14.00%,0,,,,"$1,000,000",0,0.42,0.59,0.58,0.31,1.87,1086.75,1.66,1.93,0.00%,0.00%,,,,,
Client 469,6%,6.00%,0,,,,"$1,000,000",0,0.69,0.52,0.31,0.24,2.14,832.14,1.48,2.34,0.00%,0.00%,,,,,
Client 470,9%,9.00%,0,,,,"$1,000,000",0,0.15,0.68,0.85,0.35,1.93,1054.49,2.13,2.11,0.00%,0.00%,,,,,
Client 471,14%,14.00%,0,,,,"$1,000,000",0,0.33,0.57,0.67,0.24,2.40,918.04,1.21,2.51,0.00%,0.00%,,,,,
Client 472,11%,11.00%,0,,,,"$1,000,000",0,0.70,0.40,0.30,0.22,1.84,1007.58,2.10,2.42,0.00%,0.00%,,,,,
Client 473,12%,12.00%,0,,,,"$1,000,000",0,0.49,0.48,0.51,0.24,2.02,993.46,1.81,2.18,0.00%,0.00%,,,,,
Client 474,12%,12.00%,0,,,,"$1,000,000",0,0.66,0.38,0.34,0.18,2.10,916.57,2.40,2.42,0.00%,0.00%,,,,,
Client 475,12%,12.00%,0,,,,"$1,000,000",0,0.27,0.47,0.73,0.21,2.23,935.99,1.76,2.73,0.00%,0.00%,,,,,
Client 476,8%,8.00%,0,,,,"$1,000,000",0,0.46,0.49,0.54,0.30,1.66,959.08,2.15,2.08,0.00%,0.00%,,,,,
Client 477,7%,7.00%,0,,,,"$1,000,000",0,0.74,0.85,0.26,0.48,1.77,1033.57,2.26,2.81,0.00%,0.00%,,,,,
Client 478,15%,15.00%,0,,,,"$1,000,000",0,0.26,0.32,0.74,0.15,2.12,1180.58,2.06,2.80,0.00%,0.00%,,,,,
Client 479,14%,14.00%,0,,,,"$1,000,000",0,0.11,0.94,0.89,0.41,2.31,1010.43,2.00,2.39,0.00%,0.00%,,,,,
Client 480,7%,7.00%,0,,,,"$1,000,000",0,0.80,0.98,0.20,0.53,1.86,1037.03,2.15,2.63,0.00%,0.00%,,,,,
Client 481,15%,15.00%,0,,,,"$1,000,000",0,0.34,0.34,0.66,0.23,1.46,911.21,1.82,2.07,0.00%,0.00%,,,,,
Client 482,9%,9.00%,0,,,,"$1,000,000",0,0.63,0.57,0.37,0.35,1.65,1162.04,2.54,3.01,0.00%,0.00%,,,,,
Client 483,12%,12.00%,0,,,,"$1,000,000",0,0.50,0.80,0.50,0.30,2.68,1151.27,1.80,2.34,0.00%,0.00%,,,,,
Client 484,16%,16.00%,0,,,,"$1,000,000",0,0.18,0.20,0.82,0.07,2.73,928.34,1.18,2.15,0.00%,100.00%,,,,,
Client 485,5%,5.00%,0,,,,"$1,000,000",0,0.69,0.79,0.31,0.41,1.90,1035.98,2.27,3.77,0.00%,0.00%,,,,,
Client 486,12%,12.00%,0,,,,"$1,000,000",1,0.32,0.39,0.68,0.22,1.76,871.69,1.28,2.08,0.00%,0.00%,,,,,
Client 487,12%,12.00%,0,,,,"$1,000,000",0,0.72,0.37,0.28,0.21,1.80,978.03,1.76,2.77,0.00%,0.00%,,,,,
Client 488,13%,13.00%,0,,,,"$1,000,000",0,0.41,0.37,0.59,0.17,2.14,807.77,1.42,2.10,0.00%,0.00%,,,,,
Client 489,8%,8.00%,0,,,,"$1,000,000",0,0.56,0.76,0.44,0.31,2.43,1025.98,2.38,2.11,0.00%,0.00%,,,,,
Client 490,11%,11.00%,0,,,,"$1,000,000",0,0.56,0.66,0.44,0.37,1.81,1022.91,1.47,2.56,0.00%,0.00%,,,,,
Client 491,9%,9.00%,0,,,,"$1,000,000",1,0.35,0.47,0.65,0.20,2.29,1084.62,1.74,2.64,0.00%,0.00%,,,,,
Client 492,14%,14.00%,0,,,,"$1,000,000",0,0.50,0.47,0.50,0.28,1.69,853.28,1.36,2.31,0.00%,0.00%,,,,,
Client 493,7%,7.00%,0,,,,"$1,000,000",0,0.59,0.58,0.41,0.25,2.30,1040.79,1.98,2.41,0.00%,0.00%,,,,,
Client 494,8%,8.00%,0,,,,"$1,000,000",0,0.51,0.66,0.49,0.39,1.70,1041.17,1.72,2.58,0.00%,0.00%,,,,,
Client 495,6%,6.00%,0,,,,"$1,000,000",0,0.53,0.72,0.47,0.36,1.97,1148.02,2.11,2.31,0.00%,0.00%,,,,,
Client 496,12%,12.00%,0,,,,"$1,000,000",0,0.31,0.61,0.69,0.29,2.11,917.03,1.56,1.78,0.00%,0.00%,,,,,
Client 497,5%,5.00%,0,,,,"$1,000,000",0,0.72,0.75,0.28,0.40,1.85,943.02,2.08,3.13,0.00%,0.00%,,,,,
Client 498,9%,9.00%,0,,,,"$1,000,000",0,0.76,0.35,0.24,0.21,1.72,843.28,2.58,2.44,0.00%,0.00%,,,,,
Client 499,9%,9.00%,0,,,,"$1,000,000",0,0.54,0.55,0.46,0.35,1.59,927.16,2.26,2.84,0.00%,0.00%,,,,,
Client 500,12%,12.00%,0,,,,"$1,000,000",0,0.27,0.49,0.73,0.22,2.27,985.53,1.53,2.88,0.00%,0.00%,,,,,